[{"model": "admin.logentry", "pk": 1, "fields": {"action_time": "2025-10-21T06:52:10.891Z", "user": 1, "content_type": 10, "object_id": "1", "object_repr": "Anuradhapura", "action_flag": 1, "change_message": "[{\"added\": {}}]"}}, {"model": "admin.logentry", "pk": 2, "fields": {"action_time": "2025-10-21T06:52:25.567Z", "user": 1, "content_type": 10, "object_id": "2", "object_repr": "Thambuththegama", "action_flag": 1, "change_message": "[{\"added\": {}}]"}}, {"model": "admin.logentry", "pk": 3, "fields": {"action_time": "2025-10-21T06:52:47.192Z", "user": 1, "content_type": 10, "object_id": "3", "object_repr": "Polonnaruwa", "action_flag": 1, "change_message": "[{\"added\": {}}]"}}, {"model": "admin.logentry", "pk": 4, "fields": {"action_time": "2025-10-21T06:52:59.836Z", "user": 1, "content_type": 10, "object_id": "4", "object_repr": "Dimublagala", "action_flag": 1, "change_message": "[{\"added\": {}}]"}}, {"model": "admin.logentry", "pk": 5, "fields": {"action_time": "2025-10-21T06:53:24.761Z", "user": 1, "content_type": 9, "object_id": "1", "object_repr": "MNP (Anuradhapura)", "action_flag": 1, "change_message": "[{\"added\": {}}]"}}, {"model": "admin.logentry", "pk": 6, "fields": {"action_time": "2025-10-21T06:53:33.147Z", "user": 1, "content_type": 9, "object_id": "2", "object_repr": "NNP (Anuradhapura)", "action_flag": 1, "change_message": "[{\"added\": {}}]"}}, {"model": "admin.logentry", "pk": 7, "fields": {"action_time": "2025-10-21T06:53:44.421Z", "user": 1, "content_type": 9, "object_id": "3", "object_repr": "Wilachchiya (Anuradhapura)", "action_flag": 1, "change_message": "[{\"added\": {}}]"}}, {"model": "admin.logentry", "pk": 8, "fields": {"action_time": "2025-10-21T09:51:13.334Z", "user": 1, "content_type": 4, "object_id": "2", "object_repr": "pd", "action_flag": 1, "change_message": "[{\"added\": {}}]"}}, {"model": "admin.logentry", "pk": 9, "fields": {"action_time": "2025-10-21T09:51:49.967Z", "user": 1, "content_type": 7, "object_id": "2", "object_repr": "pd - provincial", "action_flag": 2, "change_message": "[{\"changed\": {\"fields\": [\"Role\"]}}]"}}, {"model": "admin.logentry", "pk": 10, "fields": {"action_time": "2025-10-21T09:54:24.828Z", "user": 1, "content_type": 4, "object_id": "3", "object_repr": "zd_anu", "action_flag": 1, "change_message": "[{\"added\": {}}]"}}, {"model": "admin.logentry", "pk": 11, "fields": {"action_time": "2025-10-21T09:54:53.456Z", "user": 1, "content_type": 7, "object_id": "3", "object_repr": "zd_anu - zonal", "action_flag": 2, "change_message": "[{\"changed\": {\"fields\": [\"Role\", \"Zone\"]}}]"}}, {"model": "admin.logentry", "pk": 12, "fields": {"action_time": "2025-10-21T09:56:30.396Z", "user": 1, "content_type": 8, "object_id": "1", "object_repr": "Ashoka MV (19243)", "action_flag": 1, "change_message": "[{\"added\": {}}]"}}, {"model": "admin.logentry", "pk": 13, "fields": {"action_time": "2025-10-21T09:56:45.271Z", "user": 1, "content_type": 8, "object_id": "2", "object_repr": "Mahabodi vidyalaya (19242)", "action_flag": 1, "change_message": "[{\"added\": {}}]"}}, {"model": "admin.logentry", "pk": 14, "fields": {"action_time": "2025-10-21T09:56:57.429Z", "user": 1, "content_type": 8, "object_id": "3", "object_repr": "Hathareswela V (19245)", "action_flag": 1, "change_message": "[{\"added\": {}}]"}}, {"model": "admin.logentry", "pk": 15, "fields": {"action_time": "2025-10-21T22:48:53.184Z", "user": 1, "content_type": 7, "object_id": "1", "object_repr": "user - provincial", "action_flag": 2, "change_message": "[{\"changed\": {\"fields\": [\"Role\"]}}]"}}, {"model": "admin.logentry", "pk": 16, "fields": {"action_time": "2025-10-24T16:43:51.130Z", "user": 1, "content_type": 9, "object_id": "2", "object_repr": "Nuwaragampalatha East (Anuradhapura)", "action_flag": 2, "change_message": "[{\"changed\": {\"fields\": [\"Name\"]}}]"}}, {"model": "admin.logentry", "pk": 17, "fields": {"action_time": "2025-10-24T16:44:16.359Z", "user": 1, "content_type": 9, "object_id": "1", "object_repr": "Nuwaragampalatha Central (Anuradhapura)", "action_flag": 2, "change_message": "[{\"changed\": {\"fields\": [\"Name\"]}}]"}}, {"model": "admin.logentry", "pk": 18, "fields": {"action_time": "2025-10-24T16:44:52.702Z", "user": 1, "content_type": 9, "object_id": "4", "object_repr": "Rambewa (Anuradhapura)", "action_flag": 1, "change_message": "[{\"added\": {}}]"}}, {"model": "admin.logentry", "pk": 19, "fields": {"action_time": "2025-10-24T16:45:09.646Z", "user": 1, "content_type": 9, "object_id": "5", "object_repr": "Nochchiyagama (Anuradhapura)", "action_flag": 1, "change_message": "[{\"added\": {}}]"}}, {"model": "admin.logentry", "pk": 20, "fields": {"action_time": "2025-10-24T16:45:30.661Z", "user": 1, "content_type": 9, "object_id": "6", "object_repr": "Nachchaduwa (Anuradhapura)", "action_flag": 1, "change_message": "[{\"added\": {}}]"}}, {"model": "admin.logentry", "pk": 21, "fields": {"action_time": "2025-10-24T16:49:56.143Z", "user": 1, "content_type": 8, "object_id": "3", "object_repr": "Hathareswela V (19245)", "action_flag": 3, "change_message": ""}}, {"model": "admin.logentry", "pk": 22, "fields": {"action_time": "2025-10-24T16:50:05.941Z", "user": 1, "content_type": 8, "object_id": "2", "object_repr": "Mahabodi vidyalaya (19242)", "action_flag": 3, "change_message": ""}}, {"model": "admin.logentry", "pk": 23, "fields": {"action_time": "2025-10-24T16:50:05.941Z", "user": 1, "content_type": 8, "object_id": "1", "object_repr": "Ashoka MV (19243)", "action_flag": 3, "change_message": ""}}, {"model": "admin.logentry", "pk": 24, "fields": {"action_time": "2025-10-25T05:47:05.498Z", "user": 1, "content_type": 4, "object_id": "4", "object_repr": "dd_npc", "action_flag": 1, "change_message": "[{\"added\": {}}]"}}, {"model": "admin.logentry", "pk": 25, "fields": {"action_time": "2025-10-25T05:47:33.591Z", "user": 1, "content_type": 7, "object_id": "4", "object_repr": "dd_npc - divisional", "action_flag": 2, "change_message": "[{\"changed\": {\"fields\": [\"Role\", \"Zone\", \"Division\"]}}]"}}, {"model": "admin.logentry", "pk": 26, "fields": {"action_time": "2025-10-31T03:58:31.457Z", "user": 1, "content_type": 13, "object_id": "4", "object_repr": "building - 75%", "action_flag": 2, "change_message": "[{\"added\": {\"name\": \"progress photo\", \"object\": \"Photo for building\"}}]"}}, {"model": "admin.logentry", "pk": 27, "fields": {"action_time": "2025-11-01T04:50:50.671Z", "user": 1, "content_type": 11, "object_id": "6", "object_repr": "building", "action_flag": 3, "change_message": ""}}, {"model": "admin.logentry", "pk": 28, "fields": {"action_time": "2025-11-01T04:50:50.671Z", "user": 1, "content_type": 11, "object_id": "5", "object_repr": "Sample Project", "action_flag": 3, "change_message": ""}}, {"model": "admin.logentry", "pk": 29, "fields": {"action_time": "2025-11-01T04:50:50.671Z", "user": 1, "content_type": 11, "object_id": "4", "object_repr": "Lagama pasala hodama pasala", "action_flag": 3, "change_message": ""}}, {"model": "admin.logentry", "pk": 30, "fields": {"action_time": "2025-11-01T04:50:50.671Z", "user": 1, "content_type": 11, "object_id": "3", "object_repr": "Computer Lab", "action_flag": 3, "change_message": ""}}, {"model": "admin.logentry", "pk": 31, "fields": {"action_time": "2025-11-01T04:50:50.671Z", "user": 1, "content_type": 11, "object_id": "2", "object_repr": "New project", "action_flag": 3, "change_message": ""}}, {"model": "admin.logentry", "pk": 32, "fields": {"action_time": "2025-11-01T04:50:50.671Z", "user": 1, "content_type": 11, "object_id": "1", "object_repr": "Mahindodaya", "action_flag": 3, "change_message": ""}}, {"model": "admin.logentry", "pk": 33, "fields": {"action_time": "2025-11-01T10:16:21.462Z", "user": 1, "content_type": 4, "object_id": "141", "object_repr": "dd_npe", "action_flag": 1, "change_message": "[{\"added\": {}}]"}}, {"model": "admin.logentry", "pk": 34, "fields": {"action_time": "2025-11-01T10:17:27.422Z", "user": 1, "content_type": 7, "object_id": "141", "object_repr": "dd_npe - divisional", "action_flag": 2, "change_message": "[{\"changed\": {\"fields\": [\"Role\", \"Division\"]}}]"}}, {"model": "admin.logentry", "pk": 35, "fields": {"action_time": "2025-11-01T10:18:06.496Z", "user": 1, "content_type": 7, "object_id": "141", "object_repr": "dd_npe - divisional", "action_flag": 2, "change_message": "[{\"changed\": {\"fields\": [\"Zone\"]}}]"}}, {"model": "auth.permission", "pk": 1, "fields": {"name": "Can add log entry", "content_type": 1, "codename": "add_logentry"}}, {"model": "auth.permission", "pk": 2, "fields": {"name": "Can change log entry", "content_type": 1, "codename": "change_logentry"}}, {"model": "auth.permission", "pk": 3, "fields": {"name": "Can delete log entry", "content_type": 1, "codename": "delete_logentry"}}, {"model": "auth.permission", "pk": 4, "fields": {"name": "Can view log entry", "content_type": 1, "codename": "view_logentry"}}, {"model": "auth.permission", "pk": 5, "fields": {"name": "Can add permission", "content_type": 2, "codename": "add_permission"}}, {"model": "auth.permission", "pk": 6, "fields": {"name": "Can change permission", "content_type": 2, "codename": "change_permission"}}, {"model": "auth.permission", "pk": 7, "fields": {"name": "Can delete permission", "content_type": 2, "codename": "delete_permission"}}, {"model": "auth.permission", "pk": 8, "fields": {"name": "Can view permission", "content_type": 2, "codename": "view_permission"}}, {"model": "auth.permission", "pk": 9, "fields": {"name": "Can add group", "content_type": 3, "codename": "add_group"}}, {"model": "auth.permission", "pk": 10, "fields": {"name": "Can change group", "content_type": 3, "codename": "change_group"}}, {"model": "auth.permission", "pk": 11, "fields": {"name": "Can delete group", "content_type": 3, "codename": "delete_group"}}, {"model": "auth.permission", "pk": 12, "fields": {"name": "Can view group", "content_type": 3, "codename": "view_group"}}, {"model": "auth.permission", "pk": 13, "fields": {"name": "Can add user", "content_type": 4, "codename": "add_user"}}, {"model": "auth.permission", "pk": 14, "fields": {"name": "Can change user", "content_type": 4, "codename": "change_user"}}, {"model": "auth.permission", "pk": 15, "fields": {"name": "Can delete user", "content_type": 4, "codename": "delete_user"}}, {"model": "auth.permission", "pk": 16, "fields": {"name": "Can view user", "content_type": 4, "codename": "view_user"}}, {"model": "auth.permission", "pk": 17, "fields": {"name": "Can add content type", "content_type": 5, "codename": "add_contenttype"}}, {"model": "auth.permission", "pk": 18, "fields": {"name": "Can change content type", "content_type": 5, "codename": "change_contenttype"}}, {"model": "auth.permission", "pk": 19, "fields": {"name": "Can delete content type", "content_type": 5, "codename": "delete_contenttype"}}, {"model": "auth.permission", "pk": 20, "fields": {"name": "Can view content type", "content_type": 5, "codename": "view_contenttype"}}, {"model": "auth.permission", "pk": 21, "fields": {"name": "Can add session", "content_type": 6, "codename": "add_session"}}, {"model": "auth.permission", "pk": 22, "fields": {"name": "Can change session", "content_type": 6, "codename": "change_session"}}, {"model": "auth.permission", "pk": 23, "fields": {"name": "Can delete session", "content_type": 6, "codename": "delete_session"}}, {"model": "auth.permission", "pk": 24, "fields": {"name": "Can view session", "content_type": 6, "codename": "view_session"}}, {"model": "auth.permission", "pk": 25, "fields": {"name": "Can add profile", "content_type": 7, "codename": "add_profile"}}, {"model": "auth.permission", "pk": 26, "fields": {"name": "Can change profile", "content_type": 7, "codename": "change_profile"}}, {"model": "auth.permission", "pk": 27, "fields": {"name": "Can delete profile", "content_type": 7, "codename": "delete_profile"}}, {"model": "auth.permission", "pk": 28, "fields": {"name": "Can view profile", "content_type": 7, "codename": "view_profile"}}, {"model": "auth.permission", "pk": 29, "fields": {"name": "Can add school", "content_type": 8, "codename": "add_school"}}, {"model": "auth.permission", "pk": 30, "fields": {"name": "Can change school", "content_type": 8, "codename": "change_school"}}, {"model": "auth.permission", "pk": 31, "fields": {"name": "Can delete school", "content_type": 8, "codename": "delete_school"}}, {"model": "auth.permission", "pk": 32, "fields": {"name": "Can view school", "content_type": 8, "codename": "view_school"}}, {"model": "auth.permission", "pk": 33, "fields": {"name": "Can add division", "content_type": 9, "codename": "add_division"}}, {"model": "auth.permission", "pk": 34, "fields": {"name": "Can change division", "content_type": 9, "codename": "change_division"}}, {"model": "auth.permission", "pk": 35, "fields": {"name": "Can delete division", "content_type": 9, "codename": "delete_division"}}, {"model": "auth.permission", "pk": 36, "fields": {"name": "Can view division", "content_type": 9, "codename": "view_division"}}, {"model": "auth.permission", "pk": 37, "fields": {"name": "Can add zone", "content_type": 10, "codename": "add_zone"}}, {"model": "auth.permission", "pk": 38, "fields": {"name": "Can change zone", "content_type": 10, "codename": "change_zone"}}, {"model": "auth.permission", "pk": 39, "fields": {"name": "Can delete zone", "content_type": 10, "codename": "delete_zone"}}, {"model": "auth.permission", "pk": 40, "fields": {"name": "Can view zone", "content_type": 10, "codename": "view_zone"}}, {"model": "auth.permission", "pk": 41, "fields": {"name": "Can add projects", "content_type": 11, "codename": "add_projects"}}, {"model": "auth.permission", "pk": 42, "fields": {"name": "Can change projects", "content_type": 11, "codename": "change_projects"}}, {"model": "auth.permission", "pk": 43, "fields": {"name": "Can delete projects", "content_type": 11, "codename": "delete_projects"}}, {"model": "auth.permission", "pk": 44, "fields": {"name": "Can view projects", "content_type": 11, "codename": "view_projects"}}, {"model": "auth.permission", "pk": 45, "fields": {"name": "Can add school user", "content_type": 12, "codename": "add_schooluser"}}, {"model": "auth.permission", "pk": 46, "fields": {"name": "Can change school user", "content_type": 12, "codename": "change_schooluser"}}, {"model": "auth.permission", "pk": 47, "fields": {"name": "Can delete school user", "content_type": 12, "codename": "delete_schooluser"}}, {"model": "auth.permission", "pk": 48, "fields": {"name": "Can view school user", "content_type": 12, "codename": "view_schooluser"}}, {"model": "auth.permission", "pk": 49, "fields": {"name": "Can add project progress", "content_type": 13, "codename": "add_projectprogress"}}, {"model": "auth.permission", "pk": 50, "fields": {"name": "Can change project progress", "content_type": 13, "codename": "change_projectprogress"}}, {"model": "auth.permission", "pk": 51, "fields": {"name": "Can delete project progress", "content_type": 13, "codename": "delete_projectprogress"}}, {"model": "auth.permission", "pk": 52, "fields": {"name": "Can view project progress", "content_type": 13, "codename": "view_projectprogress"}}, {"model": "auth.permission", "pk": 53, "fields": {"name": "Can add progress photo", "content_type": 14, "codename": "add_progressphoto"}}, {"model": "auth.permission", "pk": 54, "fields": {"name": "Can change progress photo", "content_type": 14, "codename": "change_progressphoto"}}, {"model": "auth.permission", "pk": 55, "fields": {"name": "Can delete progress photo", "content_type": 14, "codename": "delete_progressphoto"}}, {"model": "auth.permission", "pk": 56, "fields": {"name": "Can view progress photo", "content_type": 14, "codename": "view_progressphoto"}}, {"model": "auth.user", "pk": 1, "fields": {"password": "pbkdf2_sha256$1000000$LpV2XyExIumJOv6Jns3AYz$r/YLytiJr3/expQkiEhS/oazDOYBdBLtnRH31zK74Ns=", "last_login": "2025-11-01T10:28:59.957Z", "is_superuser": true, "username": "user", "first_name": "", "last_name": "", "email": "ictnishan@gmail.com", "is_staff": true, "is_active": true, "date_joined": "2025-10-21T05:18:39.500Z", "groups": [], "user_permissions": []}}, {"model": "auth.user", "pk": 2, "fields": {"password": "pbkdf2_sha256$1000000$1DIYH7FwCUbD4GBNW9XIH0$qbJnUcvbgZ/8FddsZTcWuT1fnTOcPIvQR5ogcMNXHIo=", "last_login": "2025-11-01T17:31:54.045Z", "is_superuser": false, "username": "pd", "first_name": "", "last_name": "", "email": "", "is_staff": false, "is_active": true, "date_joined": "2025-10-21T09:51:12.140Z", "groups": [], "user_permissions": []}}, {"model": "auth.user", "pk": 3, "fields": {"password": "pbkdf2_sha256$1000000$4kGiOAMCdTZnczPR9I5fGG$4iHJTkK5Ej9bXuzyxe9/9l5cRu9WwzBqfchivynfR8g=", "last_login": "2025-11-01T11:29:27.006Z", "is_superuser": false, "username": "zd_anu", "first_name": "", "last_name": "", "email": "", "is_staff": false, "is_active": true, "date_joined": "2025-10-21T09:54:23.763Z", "groups": [], "user_permissions": []}}, {"model": "auth.user", "pk": 4, "fields": {"password": "pbkdf2_sha256$1000000$j4MPdCFCcTU4lOgytNkOjD$TO2huoVLdsvdWr472roV88UV/0phGermLpsqEFjiGUg=", "last_login": "2025-11-01T11:00:20.064Z", "is_superuser": false, "username": "dd_npc", "first_name": "", "last_name": "", "email": "", "is_staff": false, "is_active": true, "date_joined": "2025-10-25T05:47:04.238Z", "groups": [], "user_permissions": []}}, {"model": "auth.user", "pk": 5, "fields": {"password": "pbkdf2_sha256$1000000$MjBdFTVZFgnnBc2LbgbXJa$Ehneac+LeOBxh6acyBg0W5Su6+u2sjt3/2Bi7VYaAmk=", "last_login": "2025-11-01T15:02:49.565Z", "is_superuser": false, "username": "19243", "first_name": "", "last_name": "", "email": "", "is_staff": false, "is_active": true, "date_joined": "2025-10-30T08:24:33.143Z", "groups": [], "user_permissions": []}}, {"model": "auth.user", "pk": 6, "fields": {"password": "pbkdf2_sha256$1000000$o5kzEBY2cXx0DzK9BeaekS$SCy8YFEA0HuF5WhZZCgimE0Sd32pQnMB5S1BUebxrtM=", "last_login": null, "is_superuser": false, "username": "19226", "first_name": "", "last_name": "", "email": "", "is_staff": false, "is_active": true, "date_joined": "2025-10-30T08:24:34.427Z", "groups": [], "user_permissions": []}}, {"model": "auth.user", "pk": 7, "fields": {"password": "pbkdf2_sha256$1000000$zPN6uLNb77C3cA9aFWQR6K$5gb9MCoaqif9RbUhRAohAXonWT+9AS70PMv+jKYmpts=", "last_login": null, "is_superuser": false, "username": "19242", "first_name": "", "last_name": "", "email": "", "is_staff": false, "is_active": true, "date_joined": "2025-10-30T08:24:35.682Z", "groups": [], "user_permissions": []}}, {"model": "auth.user", "pk": 8, "fields": {"password": "pbkdf2_sha256$1000000$OGW1PfRN35AJIFIWvlGmfo$MN9g7PiIK/zq04PBzxrGJajxlmEvjG49sGquNPr6G9w=", "last_login": null, "is_superuser": false, "username": "19233", "first_name": "", "last_name": "", "email": "", "is_staff": false, "is_active": true, "date_joined": "2025-10-30T08:24:36.967Z", "groups": [], "user_permissions": []}}, {"model": "auth.user", "pk": 9, "fields": {"password": "pbkdf2_sha256$1000000$7brugg9SyMXwgUY8gA4Qnu$VtASOxiIBNNwlDsEL9KAr+uMAo5Zs3oINB+6THrqJ1k=", "last_login": null, "is_superuser": false, "username": "19241", "first_name": "", "last_name": "", "email": "", "is_staff": false, "is_active": true, "date_joined": "2025-10-30T08:24:38.179Z", "groups": [], "user_permissions": []}}, {"model": "auth.user", "pk": 10, "fields": {"password": "pbkdf2_sha256$1000000$mNSLcCVUNDEggFORMRj5BW$dyJVu2CvRdlrVabgPWPWpFgV3JXmY0ZMlDk5srFeIH4=", "last_login": null, "is_superuser": false, "username": "19250", "first_name": "", "last_name": "", "email": "", "is_staff": false, "is_active": true, "date_joined": "2025-10-30T08:24:39.389Z", "groups": [], "user_permissions": []}}, {"model": "auth.user", "pk": 11, "fields": {"password": "pbkdf2_sha256$1000000$29199VZ5Hbvp90lPOsoOmy$A7fwQ3tZi9MR3lQEgIPgy8HdoLeOW9574iglYY5YmnY=", "last_login": null, "is_superuser": false, "username": "19255", "first_name": "", "last_name": "", "email": "", "is_staff": false, "is_active": true, "date_joined": "2025-10-30T08:24:40.692Z", "groups": [], "user_permissions": []}}, {"model": "auth.user", "pk": 12, "fields": {"password": "pbkdf2_sha256$1000000$5U5E9H52Ylm8oQT8KMBqkX$SbCdj1XUJMJM82zyk58445Ue9Ylzu4U/p8sjhv4bPkM=", "last_login": null, "is_superuser": false, "username": "19550", "first_name": "", "last_name": "", "email": "", "is_staff": false, "is_active": true, "date_joined": "2025-10-30T08:24:41.986Z", "groups": [], "user_permissions": []}}, {"model": "auth.user", "pk": 13, "fields": {"password": "pbkdf2_sha256$1000000$VlBILuhUhrxc2Y6QI5BkOM$EE0ql1ovlfVY/XgD5+EMKoBkUrjEtMk1CSs6ewhRNdk=", "last_login": null, "is_superuser": false, "username": "19264", "first_name": "", "last_name": "", "email": "", "is_staff": false, "is_active": true, "date_joined": "2025-10-30T08:24:43.192Z", "groups": [], "user_permissions": []}}, {"model": "auth.user", "pk": 14, "fields": {"password": "pbkdf2_sha256$1000000$xKwfWVwfIQpzNQkTpw86Mr$MuYPHA6P9vjFA7uurobg2drXtuHO2evnJFdFTy6ih/g=", "last_login": null, "is_superuser": false, "username": "19248", "first_name": "", "last_name": "", "email": "", "is_staff": false, "is_active": true, "date_joined": "2025-10-30T08:24:44.450Z", "groups": [], "user_permissions": []}}, {"model": "auth.user", "pk": 15, "fields": {"password": "pbkdf2_sha256$1000000$8BNSGPVIo9cMTjhXnB3iUr$iWr8VqnK9nlHWx9mYzM6PnmFb4Vlow38ZEBfp7w73ys=", "last_login": null, "is_superuser": false, "username": "19244", "first_name": "", "last_name": "", "email": "", "is_staff": false, "is_active": true, "date_joined": "2025-10-30T08:24:45.756Z", "groups": [], "user_permissions": []}}, {"model": "auth.user", "pk": 16, "fields": {"password": "pbkdf2_sha256$1000000$gsB21AO2urxRTe2ViuumnG$WzRqnEAGceO+6cK4flSDL1QsrKgAJb89JH8JOVlVDWY=", "last_login": null, "is_superuser": false, "username": "19230", "first_name": "", "last_name": "", "email": "", "is_staff": false, "is_active": true, "date_joined": "2025-10-30T08:24:47.000Z", "groups": [], "user_permissions": []}}, {"model": "auth.user", "pk": 17, "fields": {"password": "pbkdf2_sha256$1000000$vu8ccVl8mHiX45ZcenneSU$ahiBcj8yVU4fCFEyo7JiJYJ2fbgU4cLhrjs7JnRYUas=", "last_login": null, "is_superuser": false, "username": "19256", "first_name": "", "last_name": "", "email": "", "is_staff": false, "is_active": true, "date_joined": "2025-10-30T08:24:48.230Z", "groups": [], "user_permissions": []}}, {"model": "auth.user", "pk": 18, "fields": {"password": "pbkdf2_sha256$1000000$9Nn6LwaahqDN96BBKHkvAZ$Fc33/TquR4iJZswfsnHZBn9ttVoZkMwCutXk6hgN7Gs=", "last_login": null, "is_superuser": false, "username": "19228", "first_name": "", "last_name": "", "email": "", "is_staff": false, "is_active": true, "date_joined": "2025-10-30T08:24:49.459Z", "groups": [], "user_permissions": []}}, {"model": "auth.user", "pk": 19, "fields": {"password": "pbkdf2_sha256$1000000$LfcXowjHf8mKtDaFy0Az0a$p+MC5xOTkI9iFuGGuZtAvS2SJLenJxyXZb1xtvJka+U=", "last_login": null, "is_superuser": false, "username": "19260", "first_name": "", "last_name": "", "email": "", "is_staff": false, "is_active": true, "date_joined": "2025-10-30T08:24:50.656Z", "groups": [], "user_permissions": []}}, {"model": "auth.user", "pk": 20, "fields": {"password": "pbkdf2_sha256$1000000$dOl5ukKUJ8oEcdTyvV5VXi$PhEPM9HumaSXL8ZCvCeY8OfT1qhSwOHpawU9Q+I4ygw=", "last_login": null, "is_superuser": false, "username": "19249", "first_name": "", "last_name": "", "email": "", "is_staff": false, "is_active": true, "date_joined": "2025-10-30T08:24:51.892Z", "groups": [], "user_permissions": []}}, {"model": "auth.user", "pk": 21, "fields": {"password": "pbkdf2_sha256$1000000$YaevVBrsTpBfPfuZnpmdBf$7Z9fdkvMQ+9eJrU8rW5Vpt6V6VWhlvsMEzBRdzihfFQ=", "last_login": null, "is_superuser": false, "username": "19240", "first_name": "", "last_name": "", "email": "", "is_staff": false, "is_active": true, "date_joined": "2025-10-30T08:24:53.163Z", "groups": [], "user_permissions": []}}, {"model": "auth.user", "pk": 22, "fields": {"password": "pbkdf2_sha256$1000000$iAFuLgxkGNiXVoDzahi6jd$oFj3zTKqdX1mGJfP1deGMP7pkFJ6n4pee28rMKGiuSI=", "last_login": null, "is_superuser": false, "username": "19267", "first_name": "", "last_name": "", "email": "", "is_staff": false, "is_active": true, "date_joined": "2025-10-30T08:24:54.391Z", "groups": [], "user_permissions": []}}, {"model": "auth.user", "pk": 23, "fields": {"password": "pbkdf2_sha256$1000000$4kRB8evXxDnYkx4IolRm9f$Kba0tKicCop7lK1PxHXG1nZMUtUOuZfmvWBy07XRupY=", "last_login": null, "is_superuser": false, "username": "19261", "first_name": "", "last_name": "", "email": "", "is_staff": false, "is_active": true, "date_joined": "2025-10-30T08:24:55.606Z", "groups": [], "user_permissions": []}}, {"model": "auth.user", "pk": 24, "fields": {"password": "pbkdf2_sha256$1000000$xPHNoUlv6AcDHo3GLFzBNZ$ghrmtkj2YeTh3IR7lwpkmf7ABXoCh4xy2oQfvFRkh40=", "last_login": null, "is_superuser": false, "username": "19245", "first_name": "", "last_name": "", "email": "", "is_staff": false, "is_active": true, "date_joined": "2025-10-30T08:24:56.842Z", "groups": [], "user_permissions": []}}, {"model": "auth.user", "pk": 25, "fields": {"password": "pbkdf2_sha256$1000000$NTQDREcFxGfvczt3DgBmgO$Qp/W8mCZOOopU/5XK0zCDWVrznkHba6ze+5JhA4JmPg=", "last_login": null, "is_superuser": false, "username": "19235", "first_name": "", "last_name": "", "email": "", "is_staff": false, "is_active": true, "date_joined": "2025-10-30T08:24:58.089Z", "groups": [], "user_permissions": []}}, {"model": "auth.user", "pk": 26, "fields": {"password": "pbkdf2_sha256$1000000$8voThPScylH6nFzIMJ92vK$q+lmExvmUmCnVByci/SPhLJlmOF3kEDVWUJW3tH+1X0=", "last_login": null, "is_superuser": false, "username": "19263", "first_name": "", "last_name": "", "email": "", "is_staff": false, "is_active": true, "date_joined": "2025-10-30T08:24:59.283Z", "groups": [], "user_permissions": []}}, {"model": "auth.user", "pk": 27, "fields": {"password": "pbkdf2_sha256$1000000$aKQI0ihJgxK2Px5tjiVMty$U0yK6xM0nFd/lmvIZJNq3Hq9KUNzXGF6AKddJLZjpCU=", "last_login": null, "is_superuser": false, "username": "19573", "first_name": "", "last_name": "", "email": "", "is_staff": false, "is_active": true, "date_joined": "2025-10-30T08:25:00.591Z", "groups": [], "user_permissions": []}}, {"model": "auth.user", "pk": 28, "fields": {"password": "pbkdf2_sha256$1000000$tO1jhNg4wjxDCTn7tsdycV$ujYRf1qPlaw4g3NKy+T/CTm/k84mQuSJ85ovBX4AcSw=", "last_login": null, "is_superuser": false, "username": "19234", "first_name": "", "last_name": "", "email": "", "is_staff": false, "is_active": true, "date_joined": "2025-10-30T08:25:01.797Z", "groups": [], "user_permissions": []}}, {"model": "auth.user", "pk": 29, "fields": {"password": "pbkdf2_sha256$1000000$VQoazJmLdQjTGs1F9jzDOA$1Y/HDyF5qeAe7DEPlfKHRIWq1uM1UDw5Rf3nP8KSv9Q=", "last_login": null, "is_superuser": false, "username": "19266", "first_name": "", "last_name": "", "email": "", "is_staff": false, "is_active": true, "date_joined": "2025-10-30T08:25:02.989Z", "groups": [], "user_permissions": []}}, {"model": "auth.user", "pk": 30, "fields": {"password": "pbkdf2_sha256$1000000$1VZwOQ3QisolLth8ZCK6ea$wZRayhnC2t41xAisFuWh0CoGempxVosvcefvEu6TJ9A=", "last_login": null, "is_superuser": false, "username": "19239", "first_name": "", "last_name": "", "email": "", "is_staff": false, "is_active": true, "date_joined": "2025-10-30T08:25:04.241Z", "groups": [], "user_permissions": []}}, {"model": "auth.user", "pk": 31, "fields": {"password": "pbkdf2_sha256$1000000$5wACSKYGmeWeoNR57V99Ju$plUZoCGdi50t1WFqKEZRs1sacgeEsXcQ09xuAWr26l4=", "last_login": null, "is_superuser": false, "username": "19257", "first_name": "", "last_name": "", "email": "", "is_staff": false, "is_active": true, "date_joined": "2025-10-30T08:25:05.489Z", "groups": [], "user_permissions": []}}, {"model": "auth.user", "pk": 32, "fields": {"password": "pbkdf2_sha256$1000000$2OtgdbM3NlDU72UUVAFtw0$UfFPukR+Ek0uZMQBTOxbi1Dsd52XG4aeOK1P1u5juLk=", "last_login": null, "is_superuser": false, "username": "19541", "first_name": "", "last_name": "", "email": "", "is_staff": false, "is_active": true, "date_joined": "2025-10-30T08:25:06.746Z", "groups": [], "user_permissions": []}}, {"model": "auth.user", "pk": 33, "fields": {"password": "pbkdf2_sha256$1000000$HWOjZcO4Bq2huhmlAHfvw1$ZuLq0Jcg/8et+GNvIR6n4TVBQb+04mfyliMLgN3eGlk=", "last_login": null, "is_superuser": false, "username": "19542", "first_name": "", "last_name": "", "email": "", "is_staff": false, "is_active": true, "date_joined": "2025-10-30T08:25:07.941Z", "groups": [], "user_permissions": []}}, {"model": "auth.user", "pk": 34, "fields": {"password": "pbkdf2_sha256$1000000$PPBinQZydkCmPLPnF5sFY6$dz4P+t7lyfVat8GmPjDavIuT8F1Iphp+zwUhheHi5oc=", "last_login": null, "is_superuser": false, "username": "19547", "first_name": "", "last_name": "", "email": "", "is_staff": false, "is_active": true, "date_joined": "2025-10-30T08:25:09.180Z", "groups": [], "user_permissions": []}}, {"model": "auth.user", "pk": 35, "fields": {"password": "pbkdf2_sha256$1000000$enrSo3xDsz1yh5uEyNE0ix$PQOLBQ2N1ZQ+MdwB/AObFMgi5vqW2z6VkbYqpn84g0Y=", "last_login": null, "is_superuser": false, "username": "19544", "first_name": "", "last_name": "", "email": "", "is_staff": false, "is_active": true, "date_joined": "2025-10-30T08:25:10.450Z", "groups": [], "user_permissions": []}}, {"model": "auth.user", "pk": 36, "fields": {"password": "pbkdf2_sha256$1000000$yy0EFaXZ4kE3sPR4zSF8rW$+fa48urKAvM2wAk7HzGf9VLdE+EES7G8e31xbBrUPBQ=", "last_login": null, "is_superuser": false, "username": "19601", "first_name": "", "last_name": "", "email": "", "is_staff": false, "is_active": true, "date_joined": "2025-10-30T08:25:11.657Z", "groups": [], "user_permissions": []}}, {"model": "auth.user", "pk": 37, "fields": {"password": "pbkdf2_sha256$1000000$5DaGuScueA87II0IVlOp0s$7v+wOd0igEymK/8XbW+d/Wt3lEpsP5u3tw4Zv4GMYsc=", "last_login": null, "is_superuser": false, "username": "19176", "first_name": "", "last_name": "", "email": "", "is_staff": false, "is_active": true, "date_joined": "2025-10-30T08:25:12.866Z", "groups": [], "user_permissions": []}}, {"model": "auth.user", "pk": 38, "fields": {"password": "pbkdf2_sha256$1000000$R0lnqi3FaNoAqpYGcvUOWD$yGgkLEjkQGsZC/q/rYZ2y622sNMwCica94ftHmT/pE4=", "last_login": null, "is_superuser": false, "username": "19177", "first_name": "", "last_name": "", "email": "", "is_staff": false, "is_active": true, "date_joined": "2025-10-30T08:25:14.074Z", "groups": [], "user_permissions": []}}, {"model": "auth.user", "pk": 39, "fields": {"password": "pbkdf2_sha256$1000000$RpBtLVtxiNUFqXyW9YUUBk$FwJRle1/wGHeBln44hi4BmUl8aKsPlCY0u/R693UwOo=", "last_login": null, "is_superuser": false, "username": "19178", "first_name": "", "last_name": "", "email": "", "is_staff": false, "is_active": true, "date_joined": "2025-10-30T08:25:15.349Z", "groups": [], "user_permissions": []}}, {"model": "auth.user", "pk": 40, "fields": {"password": "pbkdf2_sha256$1000000$OnhuYVN4Y3IJ3pHEKeeSlD$5QKrZOR/ONzrxJOlh6dQd2QVyRaAMfnHuU/QOlHLmrQ=", "last_login": null, "is_superuser": false, "username": "19224", "first_name": "", "last_name": "", "email": "", "is_staff": false, "is_active": true, "date_joined": "2025-10-30T08:25:16.608Z", "groups": [], "user_permissions": []}}, {"model": "auth.user", "pk": 41, "fields": {"password": "pbkdf2_sha256$1000000$mRx4EmSxbzjVQC11FGlcRi$j4pdCanJok+AylEB9gE0ppo1Ywl3SfU02oZTA7mKc6o=", "last_login": null, "is_superuser": false, "username": "19182", "first_name": "", "last_name": "", "email": "", "is_staff": false, "is_active": true, "date_joined": "2025-10-30T08:25:17.799Z", "groups": [], "user_permissions": []}}, {"model": "auth.user", "pk": 42, "fields": {"password": "pbkdf2_sha256$1000000$iuKc49TUFSyqytOgEmi2SO$z/BwwUQgkG0OJ4oms3JPguk8VS+fuqeBtuK7JJ8pBWY=", "last_login": null, "is_superuser": false, "username": "19181", "first_name": "", "last_name": "", "email": "", "is_staff": false, "is_active": true, "date_joined": "2025-10-30T08:25:19.004Z", "groups": [], "user_permissions": []}}, {"model": "auth.user", "pk": 43, "fields": {"password": "pbkdf2_sha256$1000000$bTY10iCMMbtdDTEm0BPsib$L8rnL6UtU9ulU3xNWQFgBM3cSQXjHzK7CamgJD9LC58=", "last_login": null, "is_superuser": false, "username": "19188", "first_name": "", "last_name": "", "email": "", "is_staff": false, "is_active": true, "date_joined": "2025-10-30T08:25:20.212Z", "groups": [], "user_permissions": []}}, {"model": "auth.user", "pk": 44, "fields": {"password": "pbkdf2_sha256$1000000$rochP7yguFPuGbMEu6W6kO$IqhNB85fYXHedc6yScqjAbdXti4krZYdh77/J7VByEE=", "last_login": null, "is_superuser": false, "username": "19184", "first_name": "", "last_name": "", "email": "", "is_staff": false, "is_active": true, "date_joined": "2025-10-30T08:25:21.428Z", "groups": [], "user_permissions": []}}, {"model": "auth.user", "pk": 45, "fields": {"password": "pbkdf2_sha256$1000000$jEVl6CepOduwQhSCZVjZw0$7INVjgfZHki7wCNkpNrzPJuciqnYIdPeEDLpdCiFFCg=", "last_login": "2025-11-01T05:33:10.707Z", "is_superuser": false, "username": "19225", "first_name": "", "last_name": "", "email": "", "is_staff": false, "is_active": true, "date_joined": "2025-10-30T08:25:22.736Z", "groups": [], "user_permissions": []}}, {"model": "auth.user", "pk": 46, "fields": {"password": "pbkdf2_sha256$1000000$qic4e1ogqnG44QNypehO1n$TMgTMj87ug9n0soeII/ivyt8y58QxHzf+0Fmfe0rna4=", "last_login": null, "is_superuser": false, "username": "19203", "first_name": "", "last_name": "", "email": "", "is_staff": false, "is_active": true, "date_joined": "2025-10-30T08:25:23.965Z", "groups": [], "user_permissions": []}}, {"model": "auth.user", "pk": 47, "fields": {"password": "pbkdf2_sha256$1000000$Jq1VvxDUlbk8CKzn0ZLtDL$QQLyBvAveJpNmn78LA6kJ0M4HmCYGZS815S33lzkTHk=", "last_login": null, "is_superuser": false, "username": "19195", "first_name": "", "last_name": "", "email": "", "is_staff": false, "is_active": true, "date_joined": "2025-10-30T08:25:25.182Z", "groups": [], "user_permissions": []}}, {"model": "auth.user", "pk": 48, "fields": {"password": "pbkdf2_sha256$1000000$20qZUGAV9bfaS5ygILjmmr$DDAe6Lfslg3OEbBnlRJWnxcjP8WjF8nlYLdi/tIHEAA=", "last_login": null, "is_superuser": false, "username": "19196", "first_name": "", "last_name": "", "email": "", "is_staff": false, "is_active": true, "date_joined": "2025-10-30T08:25:26.416Z", "groups": [], "user_permissions": []}}, {"model": "auth.user", "pk": 49, "fields": {"password": "pbkdf2_sha256$1000000$MniXywSgtNIdHfUyesN2Yy$hVff/cEDkCSdznnKwzkfo5PYNA3ixJzBvbjKBHWgxH0=", "last_login": null, "is_superuser": false, "username": "19191", "first_name": "", "last_name": "", "email": "", "is_staff": false, "is_active": true, "date_joined": "2025-10-30T08:25:27.627Z", "groups": [], "user_permissions": []}}, {"model": "auth.user", "pk": 50, "fields": {"password": "pbkdf2_sha256$1000000$5GG7F4NL4NDFBmDvoubpQ5$TvFrvXVkI1Rc7zOEh2oyc1bV8+c3TkoYIY5hP8NTZTI=", "last_login": null, "is_superuser": false, "username": "19200", "first_name": "", "last_name": "", "email": "", "is_staff": false, "is_active": true, "date_joined": "2025-10-30T08:25:28.840Z", "groups": [], "user_permissions": []}}, {"model": "auth.user", "pk": 51, "fields": {"password": "pbkdf2_sha256$1000000$chweFxh0mKhKelpCQxOttu$TZ8lW55MVvJ/yAQbp6/j+A8OQ9qc5S4/Zjwz7d5H37U=", "last_login": null, "is_superuser": false, "username": "19194", "first_name": "", "last_name": "", "email": "", "is_staff": false, "is_active": true, "date_joined": "2025-10-30T08:25:30.199Z", "groups": [], "user_permissions": []}}, {"model": "auth.user", "pk": 52, "fields": {"password": "pbkdf2_sha256$1000000$6gzUsRRWC3bvMKIIyUSdz9$wQdkncsm7KlpiZb4yuXPqr2GXJgStLRHC5AFXkp1X6Q=", "last_login": null, "is_superuser": false, "username": "19549", "first_name": "", "last_name": "", "email": "", "is_staff": false, "is_active": true, "date_joined": "2025-10-30T08:25:31.424Z", "groups": [], "user_permissions": []}}, {"model": "auth.user", "pk": 53, "fields": {"password": "pbkdf2_sha256$1000000$3u2k6IZHfEbKb0y32bP8RZ$JMrW8DTotbkfJOY/gZqT5tgxpW48F4nM71oYFTU5ZNg=", "last_login": null, "is_superuser": false, "username": "19202", "first_name": "", "last_name": "", "email": "", "is_staff": false, "is_active": true, "date_joined": "2025-10-30T08:25:32.649Z", "groups": [], "user_permissions": []}}, {"model": "auth.user", "pk": 54, "fields": {"password": "pbkdf2_sha256$1000000$OAeAx1U1iMbXulqJZWY937$I0umaVmRz/MWT/8W+0VCWLO4c5rJSqWRguPeDxajEvA=", "last_login": null, "is_superuser": false, "username": "19189", "first_name": "", "last_name": "", "email": "", "is_staff": false, "is_active": true, "date_joined": "2025-10-30T08:25:33.845Z", "groups": [], "user_permissions": []}}, {"model": "auth.user", "pk": 55, "fields": {"password": "pbkdf2_sha256$1000000$4qXkdTrqkQxEMJUF7DvVAY$F051fBLRmv3Vh61ZcDWsX/Tub5kA3NaA+5KjqYhzvEI=", "last_login": null, "is_superuser": false, "username": "19204", "first_name": "", "last_name": "", "email": "", "is_staff": false, "is_active": true, "date_joined": "2025-10-30T08:25:35.088Z", "groups": [], "user_permissions": []}}, {"model": "auth.user", "pk": 56, "fields": {"password": "pbkdf2_sha256$1000000$ayRaOzzxWApFqMvV5cwHLj$laZUHMgLL27S4O+hcMAkdeiryqBgUZiEmzZlNg8ToHs=", "last_login": null, "is_superuser": false, "username": "19614", "first_name": "", "last_name": "", "email": "", "is_staff": false, "is_active": true, "date_joined": "2025-10-30T08:25:36.346Z", "groups": [], "user_permissions": []}}, {"model": "auth.user", "pk": 57, "fields": {"password": "pbkdf2_sha256$1000000$DjGcaHSByUbKLMnJohyENv$D/FL2oFPPLAvytXwC7t6Io9WAbnCRTlC1zsBiDC5ObU=", "last_login": null, "is_superuser": false, "username": "19487", "first_name": "", "last_name": "", "email": "", "is_staff": false, "is_active": true, "date_joined": "2025-10-30T08:25:37.557Z", "groups": [], "user_permissions": []}}, {"model": "auth.user", "pk": 58, "fields": {"password": "pbkdf2_sha256$1000000$rwYk8rCw0dqSHn4qz7h2vV$Tc9s8mMpDphGYQmIpyYb3WrP/BZ9qsoYLo2tdlDt9/g=", "last_login": null, "is_superuser": false, "username": "19488", "first_name": "", "last_name": "", "email": "", "is_staff": false, "is_active": true, "date_joined": "2025-10-30T08:25:38.778Z", "groups": [], "user_permissions": []}}, {"model": "auth.user", "pk": 59, "fields": {"password": "pbkdf2_sha256$1000000$MOF0adzuiawxGKLdrzvQWr$GJI59muEGcwDcEovQs/Q+ynw/cQILNxbREj5DdfpxMc=", "last_login": null, "is_superuser": false, "username": "19002", "first_name": "", "last_name": "", "email": "", "is_staff": false, "is_active": true, "date_joined": "2025-10-30T08:25:40.002Z", "groups": [], "user_permissions": []}}, {"model": "auth.user", "pk": 60, "fields": {"password": "pbkdf2_sha256$1000000$uAPxwA9Mr7eXBpm5lqvi2V$ejrAXOZ5jE/njfg4pErNGWRPMaWauUxxChHlaKhcyvQ=", "last_login": null, "is_superuser": false, "username": "19004", "first_name": "", "last_name": "", "email": "", "is_staff": false, "is_active": true, "date_joined": "2025-10-30T08:25:41.223Z", "groups": [], "user_permissions": []}}, {"model": "auth.user", "pk": 61, "fields": {"password": "pbkdf2_sha256$1000000$1ulnMhwHtPMc4xMIqv3BGb$QN/Dk9aiJA97/YcgUOGXd2Hle1M34kiWFJiQPOq7gSc=", "last_login": null, "is_superuser": false, "username": "19010", "first_name": "", "last_name": "", "email": "", "is_staff": false, "is_active": true, "date_joined": "2025-10-30T08:25:42.473Z", "groups": [], "user_permissions": []}}, {"model": "auth.user", "pk": 62, "fields": {"password": "pbkdf2_sha256$1000000$o019hyHHcNCytQsiwAUCH0$EAVmZ26ZRGugDDjKTEexhTv0MR7XpkoDHEQagmts0P0=", "last_login": null, "is_superuser": false, "username": "19003", "first_name": "", "last_name": "", "email": "", "is_staff": false, "is_active": true, "date_joined": "2025-10-30T08:25:43.787Z", "groups": [], "user_permissions": []}}, {"model": "auth.user", "pk": 63, "fields": {"password": "pbkdf2_sha256$1000000$zjsawS8pss6Zfgbl5TSELE$86/BV72iw0fdJBAuSS+j1QEF2L+TWolB+9V+oLVtiSo=", "last_login": null, "is_superuser": false, "username": "19007", "first_name": "", "last_name": "", "email": "", "is_staff": false, "is_active": true, "date_joined": "2025-10-30T08:25:45.064Z", "groups": [], "user_permissions": []}}, {"model": "auth.user", "pk": 64, "fields": {"password": "pbkdf2_sha256$1000000$oSOyDzn64CMyII6PMxakdJ$lzdubFAddceB5054inGEGgrym2Nd0IiUf+s7rVJb5AM=", "last_login": null, "is_superuser": false, "username": "19013", "first_name": "", "last_name": "", "email": "", "is_staff": false, "is_active": true, "date_joined": "2025-10-30T08:25:46.332Z", "groups": [], "user_permissions": []}}, {"model": "auth.user", "pk": 65, "fields": {"password": "pbkdf2_sha256$1000000$SVOl6zfIYMPXfkYPNyEYJO$gMqfh/U3K8aQbBbn5PEafU/SRJB5O97QxIl1yFpar9M=", "last_login": null, "is_superuser": false, "username": "19022", "first_name": "", "last_name": "", "email": "", "is_staff": false, "is_active": true, "date_joined": "2025-10-30T08:25:47.553Z", "groups": [], "user_permissions": []}}, {"model": "auth.user", "pk": 66, "fields": {"password": "pbkdf2_sha256$1000000$2PuSR7szn769rgNPn34Pk0$qbDOWGKLx36eDrt7J4BqJT4s8DqRvBD3p7SX4o3Wx8s=", "last_login": null, "is_superuser": false, "username": "19232", "first_name": "", "last_name": "", "email": "", "is_staff": false, "is_active": true, "date_joined": "2025-10-30T08:25:48.740Z", "groups": [], "user_permissions": []}}, {"model": "auth.user", "pk": 67, "fields": {"password": "pbkdf2_sha256$1000000$P2W1pCRIcLyWnqlow7RhZY$n9Znb/LkeDFW2v0yiNzvIgOGbSBiwsrQdMxdMzOldHw=", "last_login": null, "is_superuser": false, "username": "19578", "first_name": "", "last_name": "", "email": "", "is_staff": false, "is_active": true, "date_joined": "2025-10-30T08:25:49.954Z", "groups": [], "user_permissions": []}}, {"model": "auth.user", "pk": 68, "fields": {"password": "pbkdf2_sha256$1000000$azPZeS9j1dTzzCyPYFY1Gy$cGPwwk8xrqMel6xL73XegK7gZmCUOPhLFB0QGGBtEt0=", "last_login": null, "is_superuser": false, "username": "19265", "first_name": "", "last_name": "", "email": "", "is_staff": false, "is_active": true, "date_joined": "2025-10-30T08:25:51.202Z", "groups": [], "user_permissions": []}}, {"model": "auth.user", "pk": 69, "fields": {"password": "pbkdf2_sha256$1000000$2JIDPXhkeC0oxwEsg7cA82$f9TCMmTXjI2pefRGSgoeoPxzMjGE9bb5xTbpf1+u/kY=", "last_login": null, "is_superuser": false, "username": "19236", "first_name": "", "last_name": "", "email": "", "is_staff": false, "is_active": true, "date_joined": "2025-10-30T08:25:52.472Z", "groups": [], "user_permissions": []}}, {"model": "auth.user", "pk": 70, "fields": {"password": "pbkdf2_sha256$1000000$38HYmNNoJVFVAkwbKEIb0S$btcZJXuGR1lEyhTJI5JK6Q8+NF/R+JgPowA2nRVIPhA=", "last_login": null, "is_superuser": false, "username": "19017", "first_name": "", "last_name": "", "email": "", "is_staff": false, "is_active": true, "date_joined": "2025-10-30T08:25:53.668Z", "groups": [], "user_permissions": []}}, {"model": "auth.user", "pk": 71, "fields": {"password": "pbkdf2_sha256$1000000$7hmdtIbuwcwCFq9mpaQb6G$nh7KWQD9PA2HBcDOt6a1SznXsQ9v7dWCVAch3MGA74c=", "last_login": null, "is_superuser": false, "username": "19246", "first_name": "", "last_name": "", "email": "", "is_staff": false, "is_active": true, "date_joined": "2025-10-30T08:25:54.864Z", "groups": [], "user_permissions": []}}, {"model": "auth.user", "pk": 72, "fields": {"password": "pbkdf2_sha256$1000000$ESqKERjsb2ILNqqPwm0bgK$L9NfBgCyLGcNiEXdMpyV7jg0pn0pIWbCPrbTHNPOM9M=", "last_login": null, "is_superuser": false, "username": "19014", "first_name": "", "last_name": "", "email": "", "is_staff": false, "is_active": true, "date_joined": "2025-10-30T08:25:56.145Z", "groups": [], "user_permissions": []}}, {"model": "auth.user", "pk": 73, "fields": {"password": "pbkdf2_sha256$1000000$avq2UXrF71wDu02PiVMRXW$wy1fYOB6xEM0sn0LrNKoYN6dJlICGFzXyCAjYR15Yqs=", "last_login": null, "is_superuser": false, "username": "19033", "first_name": "", "last_name": "", "email": "", "is_staff": false, "is_active": true, "date_joined": "2025-10-30T08:25:57.312Z", "groups": [], "user_permissions": []}}, {"model": "auth.user", "pk": 74, "fields": {"password": "pbkdf2_sha256$1000000$ED3MbbVfOxS4vHsb8rTcud$UXPlvZdkEWd2Of5OS43WzqFlqt5WMS2D5GyvJH1zEEc=", "last_login": null, "is_superuser": false, "username": "19258", "first_name": "", "last_name": "", "email": "", "is_staff": false, "is_active": true, "date_joined": "2025-10-30T08:25:58.529Z", "groups": [], "user_permissions": []}}, {"model": "auth.user", "pk": 75, "fields": {"password": "pbkdf2_sha256$1000000$sVvpPOAj8kItio8x5SufRK$xBouZyo+MWvuIFhv+ELatVVmKUpKxqC6KBSH7FLkiwc=", "last_login": null, "is_superuser": false, "username": "19220", "first_name": "", "last_name": "", "email": "", "is_staff": false, "is_active": true, "date_joined": "2025-10-30T08:25:59.788Z", "groups": [], "user_permissions": []}}, {"model": "auth.user", "pk": 76, "fields": {"password": "pbkdf2_sha256$1000000$1oeGMlEwWGeOadLub15x7i$9qrp0n0VC4Am0PZYXctmLgPRxaG2UbmA4irL5Ge6XZM=", "last_login": null, "is_superuser": false, "username": "19035", "first_name": "", "last_name": "", "email": "", "is_staff": false, "is_active": true, "date_joined": "2025-10-30T08:26:01.014Z", "groups": [], "user_permissions": []}}, {"model": "auth.user", "pk": 77, "fields": {"password": "pbkdf2_sha256$1000000$DVoyW5bLPOzdBpysP5y3Fh$6nUdid13F98G1JT4qr/G7/U/EJg25e+ifOw531mE5bk=", "last_login": null, "is_superuser": false, "username": "19218", "first_name": "", "last_name": "", "email": "", "is_staff": false, "is_active": true, "date_joined": "2025-10-30T08:26:02.236Z", "groups": [], "user_permissions": []}}, {"model": "auth.user", "pk": 78, "fields": {"password": "pbkdf2_sha256$1000000$a3Mb4Vg4zx6cz8UCvnJhTs$EXjjzJUbPaqspUIOLHgaSkFBkcSBSUJfEGHBRiojWQg=", "last_login": null, "is_superuser": false, "username": "19039", "first_name": "", "last_name": "", "email": "", "is_staff": false, "is_active": true, "date_joined": "2025-10-30T08:26:03.468Z", "groups": [], "user_permissions": []}}, {"model": "auth.user", "pk": 79, "fields": {"password": "pbkdf2_sha256$1000000$B9hoLnf4DYCo2Xdw6p6gPa$mtWg28jEu4n8uxazBSvabUUekX8edUaJGMRNsMZRubA=", "last_login": null, "is_superuser": false, "username": "19028", "first_name": "", "last_name": "", "email": "", "is_staff": false, "is_active": true, "date_joined": "2025-10-30T08:26:04.706Z", "groups": [], "user_permissions": []}}, {"model": "auth.user", "pk": 80, "fields": {"password": "pbkdf2_sha256$1000000$Gyw1q1K39NQFj8Vkwtwse1$FnavjVdutT4SxX2c992d4VoMeW5iN/vhG+n4VTSIXkE=", "last_login": null, "is_superuser": false, "username": "19219", "first_name": "", "last_name": "", "email": "", "is_staff": false, "is_active": true, "date_joined": "2025-10-30T08:26:05.903Z", "groups": [], "user_permissions": []}}, {"model": "auth.user", "pk": 81, "fields": {"password": "pbkdf2_sha256$1000000$TJIClUgbO1Tovn1SWi4d0U$iMChBqt7RUwXK/Srn5ohTwZH5dq9sIGSh014pqPYtM4=", "last_login": null, "is_superuser": false, "username": "19040", "first_name": "", "last_name": "", "email": "", "is_staff": false, "is_active": true, "date_joined": "2025-10-30T08:26:07.156Z", "groups": [], "user_permissions": []}}, {"model": "auth.user", "pk": 82, "fields": {"password": "pbkdf2_sha256$1000000$MaR76i7f0ygYfJGii8syL2$9KSzov7OxuYjEH6C3GM2fUFkFyUT69bJtgy/6H4Ankw=", "last_login": null, "is_superuser": false, "username": "19575", "first_name": "", "last_name": "", "email": "", "is_staff": false, "is_active": true, "date_joined": "2025-10-30T08:26:08.356Z", "groups": [], "user_permissions": []}}, {"model": "auth.user", "pk": 83, "fields": {"password": "pbkdf2_sha256$1000000$e7HSfwtHQ9tzwwYq6525hz$MuionLW0jYjYIBTECo2Yt2M/Wr0ddNpcsvuQbJtoids=", "last_login": null, "is_superuser": false, "username": "19025", "first_name": "", "last_name": "", "email": "", "is_staff": false, "is_active": true, "date_joined": "2025-10-30T08:26:09.564Z", "groups": [], "user_permissions": []}}, {"model": "auth.user", "pk": 84, "fields": {"password": "pbkdf2_sha256$1000000$yTCyP86kmA7pJZuMycHAt8$LYHBaP0NRzaIoMBYn+9RxroroHY7P7TLWII9bl7giZo=", "last_login": null, "is_superuser": false, "username": "19024", "first_name": "", "last_name": "", "email": "", "is_staff": false, "is_active": true, "date_joined": "2025-10-30T08:26:10.792Z", "groups": [], "user_permissions": []}}, {"model": "auth.user", "pk": 85, "fields": {"password": "pbkdf2_sha256$1000000$hW78wKtj1LyeEdxGAiUV8Z$TPIRKQV+Pe73Odr2H6IBxfc3znBAqV/kt28J9pgQ8AE=", "last_login": null, "is_superuser": false, "username": "19534", "first_name": "", "last_name": "", "email": "", "is_staff": false, "is_active": true, "date_joined": "2025-10-30T08:26:12.064Z", "groups": [], "user_permissions": []}}, {"model": "auth.user", "pk": 86, "fields": {"password": "pbkdf2_sha256$1000000$msRzZMY0PAiuxr3DeYGvVB$3X039t5Ee5HHSAPsW5uWb32KDD/RXuoWC5xxpQ1AHXQ=", "last_login": null, "is_superuser": false, "username": "19535", "first_name": "", "last_name": "", "email": "", "is_staff": false, "is_active": true, "date_joined": "2025-10-30T08:26:13.314Z", "groups": [], "user_permissions": []}}, {"model": "auth.user", "pk": 87, "fields": {"password": "pbkdf2_sha256$1000000$YZNKM5mp6KNpCTm9ji07fm$7ZipQK83V/9vN3xKAV3AnvmG76xCuckH/Jp7mq6ZcfM=", "last_login": null, "is_superuser": false, "username": "19548", "first_name": "", "last_name": "", "email": "", "is_staff": false, "is_active": true, "date_joined": "2025-10-30T08:26:14.528Z", "groups": [], "user_permissions": []}}, {"model": "auth.user", "pk": 88, "fields": {"password": "pbkdf2_sha256$1000000$YGEpBFCzkfEpECRSNodCLf$IHq3QKuN6akww0v1ke0LPgnj1iDS9U+eRf0IsqbMqYY=", "last_login": null, "is_superuser": false, "username": "19584", "first_name": "", "last_name": "", "email": "", "is_staff": false, "is_active": true, "date_joined": "2025-10-30T08:26:15.760Z", "groups": [], "user_permissions": []}}, {"model": "auth.user", "pk": 89, "fields": {"password": "pbkdf2_sha256$1000000$7WbSt9kNRSAUwV7uayhifV$+laep7Y/Nr7vG/6zYxE+MtbGLCW5EsCJ+vQvu/AZsBs=", "last_login": null, "is_superuser": false, "username": "19545", "first_name": "", "last_name": "", "email": "", "is_staff": false, "is_active": true, "date_joined": "2025-10-30T08:26:16.997Z", "groups": [], "user_permissions": []}}, {"model": "auth.user", "pk": 90, "fields": {"password": "pbkdf2_sha256$1000000$s7ATm8qs1pvyiPhfSJmkEy$nJLxKQWHo+Futq+Ad2pBRqjiss5ze2ABiQPGK3A7GBE=", "last_login": null, "is_superuser": false, "username": "19281", "first_name": "", "last_name": "", "email": "", "is_staff": false, "is_active": true, "date_joined": "2025-10-30T08:26:18.272Z", "groups": [], "user_permissions": []}}, {"model": "auth.user", "pk": 91, "fields": {"password": "pbkdf2_sha256$1000000$PPpOl4c5OAOZqg3BSZy915$j1CeNNU78dDlmKWt4pL2QYgvUP8gGEoZHDLxFhVvqFI=", "last_login": null, "is_superuser": false, "username": "19282", "first_name": "", "last_name": "", "email": "", "is_staff": false, "is_active": true, "date_joined": "2025-10-30T08:26:19.496Z", "groups": [], "user_permissions": []}}, {"model": "auth.user", "pk": 92, "fields": {"password": "pbkdf2_sha256$1000000$fP2yZId9MwZlYZBU58lQDB$m68iGY3havWXd4T5f3KPAPsheGbyHP6vCIGEldDCmfo=", "last_login": null, "is_superuser": false, "username": "19284", "first_name": "", "last_name": "", "email": "", "is_staff": false, "is_active": true, "date_joined": "2025-10-30T08:26:20.694Z", "groups": [], "user_permissions": []}}, {"model": "auth.user", "pk": 93, "fields": {"password": "pbkdf2_sha256$1000000$tdOxQxhfFr8sw6uqoZOVlr$sDvmHT68+PMtyxt3YVylfczatF6VEejzyiPXpUP4e/I=", "last_login": null, "is_superuser": false, "username": "19277", "first_name": "", "last_name": "", "email": "", "is_staff": false, "is_active": true, "date_joined": "2025-10-30T08:26:21.930Z", "groups": [], "user_permissions": []}}, {"model": "auth.user", "pk": 94, "fields": {"password": "pbkdf2_sha256$1000000$wbyjUWZ8y8suYgGrkOFvZr$WyCzxuYphhoz6IUAc5grb/Dfqgb3B3hMzXgrK68s3Mw=", "last_login": null, "is_superuser": false, "username": "19269", "first_name": "", "last_name": "", "email": "", "is_staff": false, "is_active": true, "date_joined": "2025-10-30T08:26:23.164Z", "groups": [], "user_permissions": []}}, {"model": "auth.user", "pk": 95, "fields": {"password": "pbkdf2_sha256$1000000$fYBx6F0ysdMkeOmFd661ng$b+IkCLYD3MyRq6WebpI81upxvoG6e1N7EmTLHLv1yus=", "last_login": null, "is_superuser": false, "username": "19270", "first_name": "", "last_name": "", "email": "", "is_staff": false, "is_active": true, "date_joined": "2025-10-30T08:26:24.380Z", "groups": [], "user_permissions": []}}, {"model": "auth.user", "pk": 96, "fields": {"password": "pbkdf2_sha256$1000000$pae0g8kwnyI1HO6cdci8Xb$4rTnVNcaDz8/2bJji8lKMQh9tYDm3t0cnT6tlktFghE=", "last_login": null, "is_superuser": false, "username": "19293", "first_name": "", "last_name": "", "email": "", "is_staff": false, "is_active": true, "date_joined": "2025-10-30T08:26:25.576Z", "groups": [], "user_permissions": []}}, {"model": "auth.user", "pk": 97, "fields": {"password": "pbkdf2_sha256$1000000$sDx8v6whp37Inkyate39Go$3WBx7VDKtdsk2QQ2lvp2/JeunPlK2PJ6W+B+KqvhjLA=", "last_login": null, "is_superuser": false, "username": "19273", "first_name": "", "last_name": "", "email": "", "is_staff": false, "is_active": true, "date_joined": "2025-10-30T08:26:26.887Z", "groups": [], "user_permissions": []}}, {"model": "auth.user", "pk": 98, "fields": {"password": "pbkdf2_sha256$1000000$c5ISiFEDJewDwq3JKaZoIQ$pt+WXKkc4pd1fC4kdiwpw4cC3vwAKHb5zkyWaTiGFfs=", "last_login": null, "is_superuser": false, "username": "19290", "first_name": "", "last_name": "", "email": "", "is_staff": false, "is_active": true, "date_joined": "2025-10-30T08:26:28.162Z", "groups": [], "user_permissions": []}}, {"model": "auth.user", "pk": 99, "fields": {"password": "pbkdf2_sha256$1000000$mwrfWPdvZnlYjTYF2xtNCt$oAmLCqlqgW6t3uai9OUKBzkeYfSlWQ9OZDyxSOY0zys=", "last_login": null, "is_superuser": false, "username": "19285", "first_name": "", "last_name": "", "email": "", "is_staff": false, "is_active": true, "date_joined": "2025-10-30T08:26:29.368Z", "groups": [], "user_permissions": []}}, {"model": "auth.user", "pk": 100, "fields": {"password": "pbkdf2_sha256$1000000$4WnCBKqBNjxzXF1se1KAne$7Sgzp2uLq7zfJsbqHNfnFHIXKhvUVXx5Pgs/OE5gOws=", "last_login": null, "is_superuser": false, "username": "19289", "first_name": "", "last_name": "", "email": "", "is_staff": false, "is_active": true, "date_joined": "2025-10-30T08:26:30.576Z", "groups": [], "user_permissions": []}}, {"model": "auth.user", "pk": 101, "fields": {"password": "pbkdf2_sha256$1000000$mFePE67w7uvmKUtlWtsRNX$SXRaj2z0BYcoULRZN3KX/z2nh/M0uGXi4gM1W9zhfog=", "last_login": null, "is_superuser": false, "username": "19283", "first_name": "", "last_name": "", "email": "", "is_staff": false, "is_active": true, "date_joined": "2025-10-30T08:26:31.905Z", "groups": [], "user_permissions": []}}, {"model": "auth.user", "pk": 102, "fields": {"password": "pbkdf2_sha256$1000000$Hrd2pvE9NKhL93emuuYfPp$YS3KtFLpuZk2neZRoQTkZiDgsRMdmv2oWmCpWOm4J40=", "last_login": null, "is_superuser": false, "username": "19272", "first_name": "", "last_name": "", "email": "", "is_staff": false, "is_active": true, "date_joined": "2025-10-30T08:26:33.127Z", "groups": [], "user_permissions": []}}, {"model": "auth.user", "pk": 103, "fields": {"password": "pbkdf2_sha256$1000000$qWMQwgRLcZ6xlHCbMRtXa8$+mDt1eb9YE09hxOB+q39RIxdh42w7rsYx+CysayCQ50=", "last_login": null, "is_superuser": false, "username": "19288", "first_name": "", "last_name": "", "email": "", "is_staff": false, "is_active": true, "date_joined": "2025-10-30T08:26:34.353Z", "groups": [], "user_permissions": []}}, {"model": "auth.user", "pk": 104, "fields": {"password": "pbkdf2_sha256$1000000$q0rfFZIjjsihoPQ0M3Qz3K$vsY0Yza2gx+aPmAPf5dzWtxkEykfD2NwuMXKUUvSk2Q=", "last_login": null, "is_superuser": false, "username": "19278", "first_name": "", "last_name": "", "email": "", "is_staff": false, "is_active": true, "date_joined": "2025-10-30T08:26:35.629Z", "groups": [], "user_permissions": []}}, {"model": "auth.user", "pk": 105, "fields": {"password": "pbkdf2_sha256$1000000$bJMo0OaktLlwIWhmEW0MMV$E3sbkvLg4Q2893n6UUDjLCgCKNDhuvRIDHFkULaiRq8=", "last_login": null, "is_superuser": false, "username": "19279", "first_name": "", "last_name": "", "email": "", "is_staff": false, "is_active": true, "date_joined": "2025-10-30T08:26:36.868Z", "groups": [], "user_permissions": []}}, {"model": "auth.user", "pk": 106, "fields": {"password": "pbkdf2_sha256$1000000$FwPrN44aQGI4NPenYsj5Vt$UPt4jkkZmypHE/z3qkFgy1dhcqfQ8vjPAokuU6PSClM=", "last_login": null, "is_superuser": false, "username": "19294", "first_name": "", "last_name": "", "email": "", "is_staff": false, "is_active": true, "date_joined": "2025-10-30T08:26:38.071Z", "groups": [], "user_permissions": []}}, {"model": "auth.user", "pk": 107, "fields": {"password": "pbkdf2_sha256$1000000$vIYYiQ1OmSUZiO9WSsAThJ$OfNr2bQ1afsSr5lKwDmppu3O9ZDeeF0UbuvLxuLOxj4=", "last_login": null, "is_superuser": false, "username": "19286", "first_name": "", "last_name": "", "email": "", "is_staff": false, "is_active": true, "date_joined": "2025-10-30T08:26:39.371Z", "groups": [], "user_permissions": []}}, {"model": "auth.user", "pk": 108, "fields": {"password": "pbkdf2_sha256$1000000$GK2cZX2xJK12I3YtjD1NLs$ISyPCYro2G3N3fLCJcpoy4SCQNdEXMeT7qMPIwmlNN4=", "last_login": null, "is_superuser": false, "username": "19581", "first_name": "", "last_name": "", "email": "", "is_staff": false, "is_active": true, "date_joined": "2025-10-30T08:26:40.660Z", "groups": [], "user_permissions": []}}, {"model": "auth.user", "pk": 109, "fields": {"password": "pbkdf2_sha256$1000000$JEM0zNkD6yY28qAg5jsmel$tCZbnEVZaiDoPCpepk95byWe6UhlRPXdC19H3bIXcl8=", "last_login": null, "is_superuser": false, "username": "19274", "first_name": "", "last_name": "", "email": "", "is_staff": false, "is_active": true, "date_joined": "2025-10-30T08:26:41.883Z", "groups": [], "user_permissions": []}}, {"model": "auth.user", "pk": 110, "fields": {"password": "pbkdf2_sha256$1000000$UqHJFi2trgwkHq9CsZqdNF$J2jzCu3R3y19f6yUOu7kNp2ukdeR4YhgVHWzMO8dFcQ=", "last_login": null, "is_superuser": false, "username": "19276", "first_name": "", "last_name": "", "email": "", "is_staff": false, "is_active": true, "date_joined": "2025-10-30T08:26:43.154Z", "groups": [], "user_permissions": []}}, {"model": "auth.user", "pk": 111, "fields": {"password": "pbkdf2_sha256$1000000$txzdnPT1LE3hIqu5s0B9HZ$S/0mNrvI3uezc2bwIjVT/IZ8oAl4cQK6f0j1Y7LraI8=", "last_login": null, "is_superuser": false, "username": "19287", "first_name": "", "last_name": "", "email": "", "is_staff": false, "is_active": true, "date_joined": "2025-10-30T08:26:44.395Z", "groups": [], "user_permissions": []}}, {"model": "auth.user", "pk": 112, "fields": {"password": "pbkdf2_sha256$1000000$cFhGrGevq3QVaA8J7zsdPk$wkQO56YTYGXtb9/v1Ln7atSyIn36t5wk+LcZswSwUpY=", "last_login": null, "is_superuser": false, "username": "19618", "first_name": "", "last_name": "", "email": "", "is_staff": false, "is_active": true, "date_joined": "2025-10-30T08:26:45.681Z", "groups": [], "user_permissions": []}}, {"model": "auth.user", "pk": 113, "fields": {"password": "pbkdf2_sha256$1000000$jHSlzxvFPljLoyUkWJ71Z6$kg4+JBEGb3xL2bZFFrVreHdd3wZBt2lblLsXz+pBq4U=", "last_login": null, "is_superuser": false, "username": "19546", "first_name": "", "last_name": "", "email": "", "is_staff": false, "is_active": true, "date_joined": "2025-10-30T08:26:46.921Z", "groups": [], "user_permissions": []}}, {"model": "auth.user", "pk": 114, "fields": {"password": "pbkdf2_sha256$1000000$M52guKlRAsVhOy19RiNbz1$buIfOsCRshfe3iCnwcMkVqZYiU4AbAbQEUwelAI3TfA=", "last_login": null, "is_superuser": false, "username": "19403", "first_name": "", "last_name": "", "email": "", "is_staff": false, "is_active": true, "date_joined": "2025-10-30T08:26:48.141Z", "groups": [], "user_permissions": []}}, {"model": "auth.user", "pk": 115, "fields": {"password": "pbkdf2_sha256$1000000$9eqDTwksnvWo9uBqRR3sDm$Eqpah1gvQDKo5kWbhsglJqLwRujiUVUXoLSCkK9O3L8=", "last_login": null, "is_superuser": false, "username": "19179", "first_name": "", "last_name": "", "email": "", "is_staff": false, "is_active": true, "date_joined": "2025-10-30T08:26:49.354Z", "groups": [], "user_permissions": []}}, {"model": "auth.user", "pk": 116, "fields": {"password": "pbkdf2_sha256$1000000$xKivlUWCaXXTEejQN55C28$HoLK4SSp/xpTlIcqfIRIPE53t5s29/w6WrC4NdWc2kU=", "last_login": null, "is_superuser": false, "username": "19185", "first_name": "", "last_name": "", "email": "", "is_staff": false, "is_active": true, "date_joined": "2025-10-30T08:26:50.586Z", "groups": [], "user_permissions": []}}, {"model": "auth.user", "pk": 117, "fields": {"password": "pbkdf2_sha256$1000000$tlb2bqb8ViJvBePVONm71Y$4tdGsxNihIJut8dnNTBmHceGbyk6SPpkWyj5wwKItFE=", "last_login": null, "is_superuser": false, "username": "19180", "first_name": "", "last_name": "", "email": "", "is_staff": false, "is_active": true, "date_joined": "2025-10-30T08:26:51.795Z", "groups": [], "user_permissions": []}}, {"model": "auth.user", "pk": 118, "fields": {"password": "pbkdf2_sha256$1000000$5yu7b9suvuNhi18BhMSduH$b0bk1g9vhr77ZA+MLxB+BfpbgzqAsLhRDMrL+gaHqHU=", "last_login": null, "is_superuser": false, "username": "19183", "first_name": "", "last_name": "", "email": "", "is_staff": false, "is_active": true, "date_joined": "2025-10-30T08:26:53.104Z", "groups": [], "user_permissions": []}}, {"model": "auth.user", "pk": 119, "fields": {"password": "pbkdf2_sha256$1000000$yk3DjPpfFnr19o5sh4JmeP$2L/7Um50EB6IOyKsPIsnHjsjxsdj9LPLqr9+G/Z7kcs=", "last_login": null, "is_superuser": false, "username": "19193", "first_name": "", "last_name": "", "email": "", "is_staff": false, "is_active": true, "date_joined": "2025-10-30T08:26:54.418Z", "groups": [], "user_permissions": []}}, {"model": "auth.user", "pk": 120, "fields": {"password": "pbkdf2_sha256$1000000$B2xy1Lqfj8gZjf9GIuzAKq$tXaqKur0xpVPu4tSZMN2CDSUi80o77ST0zmu0BBincc=", "last_login": null, "is_superuser": false, "username": "19192", "first_name": "", "last_name": "", "email": "", "is_staff": false, "is_active": true, "date_joined": "2025-10-30T08:26:55.693Z", "groups": [], "user_permissions": []}}, {"model": "auth.user", "pk": 121, "fields": {"password": "pbkdf2_sha256$1000000$ee9PvPUl8Vt7IvityxKCr6$8inKzL7JtaoF8ML7NbQxyEzpnYrNas8XMTUA6jDdDkY=", "last_login": null, "is_superuser": false, "username": "19197", "first_name": "", "last_name": "", "email": "", "is_staff": false, "is_active": true, "date_joined": "2025-10-30T08:26:57.003Z", "groups": [], "user_permissions": []}}, {"model": "auth.user", "pk": 122, "fields": {"password": "pbkdf2_sha256$1000000$7CoSQygLNfB66H5aeEvq8y$We8wE0qV2f0lkkFUuxk6aUm++Xw+h3COw/DdkhwMQto=", "last_login": null, "is_superuser": false, "username": "19198", "first_name": "", "last_name": "", "email": "", "is_staff": false, "is_active": true, "date_joined": "2025-10-30T08:26:58.283Z", "groups": [], "user_permissions": []}}, {"model": "auth.user", "pk": 123, "fields": {"password": "pbkdf2_sha256$1000000$G8qYdyvv0xsdeFgSka4g05$vJ74O7DtCmtt3jJ18NsHFdkau8FaEGISzl/RAtBglks=", "last_login": null, "is_superuser": false, "username": "19508", "first_name": "", "last_name": "", "email": "", "is_staff": false, "is_active": true, "date_joined": "2025-10-30T08:26:59.579Z", "groups": [], "user_permissions": []}}, {"model": "auth.user", "pk": 124, "fields": {"password": "pbkdf2_sha256$1000000$NqrnZKojtUg1HxDfQcBg0m$Mt/R9XaOI++5Z0k7EckSC6YAhLdxUh/RqRgBxNZeX3o=", "last_login": null, "is_superuser": false, "username": "19490", "first_name": "", "last_name": "", "email": "", "is_staff": false, "is_active": true, "date_joined": "2025-10-30T08:27:00.795Z", "groups": [], "user_permissions": []}}, {"model": "auth.user", "pk": 125, "fields": {"password": "pbkdf2_sha256$1000000$4Nfm88935cp99up5Lz9c3G$1laLohc2jLRRH5Kv/G3XMAn6ODwpXPR2ClQ9z28VUGA=", "last_login": null, "is_superuser": false, "username": "19251", "first_name": "", "last_name": "", "email": "", "is_staff": false, "is_active": true, "date_joined": "2025-10-30T08:27:02.095Z", "groups": [], "user_permissions": []}}, {"model": "auth.user", "pk": 126, "fields": {"password": "pbkdf2_sha256$1000000$4UaizNSAOlBVLIy4AYBZwQ$df8nsGGI0YgPE2MdCPAEPtF2wnpqT3t1Qh8CTE/7260=", "last_login": null, "is_superuser": false, "username": "19252", "first_name": "", "last_name": "", "email": "", "is_staff": false, "is_active": true, "date_joined": "2025-10-30T08:27:03.392Z", "groups": [], "user_permissions": []}}, {"model": "auth.user", "pk": 127, "fields": {"password": "pbkdf2_sha256$1000000$q2xIRurrEolp0gplVhwXsQ$cgwb530xwvFsQJNBvN2MuTWcWwX2uDL+XPy5Bu015II=", "last_login": null, "is_superuser": false, "username": "19253", "first_name": "", "last_name": "", "email": "", "is_staff": false, "is_active": true, "date_joined": "2025-10-30T08:27:04.651Z", "groups": [], "user_permissions": []}}, {"model": "auth.user", "pk": 128, "fields": {"password": "pbkdf2_sha256$1000000$f4klNXbi0kVCxZVmjPOYPD$TdkHqpnbiWvD0GnsduXZjloBaOZml51UFt3sg01KsTU=", "last_login": null, "is_superuser": false, "username": "19237", "first_name": "", "last_name": "", "email": "", "is_staff": false, "is_active": true, "date_joined": "2025-10-30T08:27:05.987Z", "groups": [], "user_permissions": []}}, {"model": "auth.user", "pk": 129, "fields": {"password": "pbkdf2_sha256$1000000$AkqlH1ZCib4XRwb3zNbgm5$ILJMwSWSq5ej3d3f5HeKUj6GsZkTKsNuehAvZn8F1+k=", "last_login": null, "is_superuser": false, "username": "19227", "first_name": "", "last_name": "", "email": "", "is_staff": false, "is_active": true, "date_joined": "2025-10-30T08:27:07.267Z", "groups": [], "user_permissions": []}}, {"model": "auth.user", "pk": 130, "fields": {"password": "pbkdf2_sha256$1000000$hXPd17GsgcgAfm7I1mkdQX$Api9Es5Y2QRJNiPTe95TBIMWPxPchig4vZQsACmaMLk=", "last_login": null, "is_superuser": false, "username": "19238", "first_name": "", "last_name": "", "email": "", "is_staff": false, "is_active": true, "date_joined": "2025-10-30T08:27:08.533Z", "groups": [], "user_permissions": []}}, {"model": "auth.user", "pk": 131, "fields": {"password": "pbkdf2_sha256$1000000$HECnlDGuGLr8n8FULZNHDI$728CeTFR3EYHZxmDGTOJj9epB2JOfN0VLpfnbBmMrMA=", "last_login": null, "is_superuser": false, "username": "19280", "first_name": "", "last_name": "", "email": "", "is_staff": false, "is_active": true, "date_joined": "2025-10-30T08:27:09.851Z", "groups": [], "user_permissions": []}}, {"model": "auth.user", "pk": 132, "fields": {"password": "pbkdf2_sha256$1000000$JhyLqRgB5kyWilCxOxAJbx$dRj8iMpNz6iKiReH0+7seq+f7TLUwd3vXBdkHt/ZT5k=", "last_login": null, "is_superuser": false, "username": "19268", "first_name": "", "last_name": "", "email": "", "is_staff": false, "is_active": true, "date_joined": "2025-10-30T08:27:11.083Z", "groups": [], "user_permissions": []}}, {"model": "auth.user", "pk": 133, "fields": {"password": "pbkdf2_sha256$1000000$fr5JDRMtSRnonPOiCYMawc$/r0fq97oo2qlXW7hO4Sihvi6r2XX98N13G2eNBEeESQ=", "last_login": null, "is_superuser": false, "username": "19254", "first_name": "", "last_name": "", "email": "", "is_staff": false, "is_active": true, "date_joined": "2025-10-30T08:27:12.270Z", "groups": [], "user_permissions": []}}, {"model": "auth.user", "pk": 134, "fields": {"password": "pbkdf2_sha256$1000000$jbsTJgsnnr1F2Hp6ZxLEP2$8HLLDAozw0H7SYE92ixOpLjQZ8DC8vrTFv3CJLS/z50=", "last_login": null, "is_superuser": false, "username": "19262", "first_name": "", "last_name": "", "email": "", "is_staff": false, "is_active": true, "date_joined": "2025-10-30T08:27:13.496Z", "groups": [], "user_permissions": []}}, {"model": "auth.user", "pk": 135, "fields": {"password": "pbkdf2_sha256$1000000$9tACvTcoEtXsyDY3rYAwYl$dyUiZZF6cy+4TLXWz2yvoeNxwQkitEy6AH8ISgfV29M=", "last_login": null, "is_superuser": false, "username": "19247", "first_name": "", "last_name": "", "email": "", "is_staff": false, "is_active": true, "date_joined": "2025-10-30T08:27:14.753Z", "groups": [], "user_permissions": []}}, {"model": "auth.user", "pk": 136, "fields": {"password": "pbkdf2_sha256$1000000$M8SKRQQK6MrcLzGB0mlyue$Zy4m9NznGa+c6F44/k+b9baDL2sw0xSmqqMsxFhCvQs=", "last_login": null, "is_superuser": false, "username": "19566", "first_name": "", "last_name": "", "email": "", "is_staff": false, "is_active": true, "date_joined": "2025-10-30T08:27:15.985Z", "groups": [], "user_permissions": []}}, {"model": "auth.user", "pk": 137, "fields": {"password": "pbkdf2_sha256$1000000$WubKKJ2JonevxL7t8Tn6SH$DwAIBD7n9kKw2bnkG2m7oo7nxjup2fOJ06JmHymBjHI=", "last_login": null, "is_superuser": false, "username": "19551", "first_name": "", "last_name": "", "email": "", "is_staff": false, "is_active": true, "date_joined": "2025-10-30T08:27:17.276Z", "groups": [], "user_permissions": []}}, {"model": "auth.user", "pk": 138, "fields": {"password": "pbkdf2_sha256$1000000$YEkhTrehOOIkw9uMmiWSzr$/398VFCmxENV8X6uDL87utUb7zYzKpSIEqe5vD8dS2o=", "last_login": null, "is_superuser": false, "username": "19275", "first_name": "", "last_name": "", "email": "", "is_staff": false, "is_active": true, "date_joined": "2025-10-30T08:27:18.565Z", "groups": [], "user_permissions": []}}, {"model": "auth.user", "pk": 139, "fields": {"password": "pbkdf2_sha256$1000000$CjEMYbovhAGHv4aK27Da9n$6P553slFezA1qpT6Ye+FqssBjiCam3drZ0pQ6UHpQDc=", "last_login": null, "is_superuser": false, "username": "19598", "first_name": "", "last_name": "", "email": "", "is_staff": false, "is_active": true, "date_joined": "2025-10-30T08:27:19.785Z", "groups": [], "user_permissions": []}}, {"model": "auth.user", "pk": 140, "fields": {"password": "pbkdf2_sha256$1000000$ZcmckZlx0eBT9jqDowMHKx$yZs06zpQJ/ASr3Kj0pXh7IBQp7AWh1UGDSErh6P1v20=", "last_login": null, "is_superuser": false, "username": "19616", "first_name": "", "last_name": "", "email": "", "is_staff": false, "is_active": true, "date_joined": "2025-10-30T08:27:21.020Z", "groups": [], "user_permissions": []}}, {"model": "auth.user", "pk": 141, "fields": {"password": "pbkdf2_sha256$1000000$oc4uCjVBcbL61lDFkVYqc8$cVy1qrSGPrwm0SfMLqur8rOF9SAxKw4cPXFAgohThkI=", "last_login": "2025-11-01T10:20:39.544Z", "is_superuser": false, "username": "dd_npe", "first_name": "", "last_name": "", "email": "", "is_staff": false, "is_active": true, "date_joined": "2025-11-01T10:16:20.130Z", "groups": [], "user_permissions": []}}, {"model": "contenttypes.contenttype", "pk": 1, "fields": {"app_label": "admin", "model": "logentry"}}, {"model": "contenttypes.contenttype", "pk": 2, "fields": {"app_label": "auth", "model": "permission"}}, {"model": "contenttypes.contenttype", "pk": 3, "fields": {"app_label": "auth", "model": "group"}}, {"model": "contenttypes.contenttype", "pk": 4, "fields": {"app_label": "auth", "model": "user"}}, {"model": "contenttypes.contenttype", "pk": 5, "fields": {"app_label": "contenttypes", "model": "contenttype"}}, {"model": "contenttypes.contenttype", "pk": 6, "fields": {"app_label": "sessions", "model": "session"}}, {"model": "contenttypes.contenttype", "pk": 7, "fields": {"app_label": "user_app", "model": "profile"}}, {"model": "contenttypes.contenttype", "pk": 8, "fields": {"app_label": "user_app", "model": "school"}}, {"model": "contenttypes.contenttype", "pk": 9, "fields": {"app_label": "user_app", "model": "division"}}, {"model": "contenttypes.contenttype", "pk": 10, "fields": {"app_label": "user_app", "model": "zone"}}, {"model": "contenttypes.contenttype", "pk": 11, "fields": {"app_label": "projects_app", "model": "projects"}}, {"model": "contenttypes.contenttype", "pk": 12, "fields": {"app_label": "user_app", "model": "schooluser"}}, {"model": "contenttypes.contenttype", "pk": 13, "fields": {"app_label": "projects_app", "model": "projectprogress"}}, {"model": "contenttypes.contenttype", "pk": 14, "fields": {"app_label": "projects_app", "model": "progressphoto"}}, {"model": "sessions.session", "pk": "2vst8y04lurpkgeaty097gt3cl6wb69f", "fields": {"session_data": ".eJxVjMsOwiAQRf-FtSE8BrAu3fcbyMAMUjU0Ke3K-O_apAvd3nPOfYmI21rj1nmJE4mLcOL0uyXMD247oDu22yzz3NZlSnJX5EG7HGfi5_Vw_w4q9vqtjdfM7BNxcCGzs0CgEAsxF0CVPUD2XKxxkEohm-w5FRi0AaWHwCjeHxfVOPI:1vEVUt:TYJWnmXRxFtJyQr2rAEqAtMuch3yceF5r0MhGC9GBuA", "expire_date": "2025-11-13T16:27:35.399Z"}}, {"model": "sessions.session", "pk": "3jd6sccnkca4puxmcq293wqz6r8567jo", "fields": {"session_data": ".eJxVjMsOwiAQRf-FtSE8igWX7vsNZJgZpGogKe3K-O_apAvd3nPOfYkI21ri1nmJM4mL0OL0uyXAB9cd0B3qrUlsdV3mJHdFHrTLqRE_r4f7d1Cgl2_NOqFWmTIYR9o7nQc26HlM6ozWAnIgGh1ZGwwqlw1ZBBgC4cDJeS_eHwrhOOg:1vBQ6I:DmLpLGZsQm6mOXvkVEiErGWaXKwpubmRKUYy3h2Hdg0", "expire_date": "2025-11-05T04:05:26.688Z"}}, {"model": "sessions.session", "pk": "bjir5lp3w7fgg4niaw2tiahw30gheqcy", "fields": {"session_data": ".eJxVjMsOwiAQRf-FtSHIox1cuu83kIEZpGogKe3K-O_apAvd3nPOfYmA21rC1nkJM4mL0OL0u0VMD647oDvWW5Op1XWZo9wVedAup0b8vB7u30HBXr611TQykOIBHflolAEL3kJKFJmz846JPTuTmdSZvQNMWQ8jKiSfwYn3BwDJOOg:1vDnoD:aZRdWyX-eXFZ0lSDvP2QMAu35ZZGx6nGVDTjDux-aDM", "expire_date": "2025-11-11T17:48:37.658Z"}}, {"model": "sessions.session", "pk": "cl6zourdqg0twy6pne16rwajtenvx72m", "fields": {"session_data": "e30:1vB4ll:na6Uv-N9ln4paiov34Svr-ZL6n9fZOZRiVnB9RGNoV8", "expire_date": "2025-11-04T05:18:49.607Z"}}, {"model": "sessions.session", "pk": "j4a922h3v4ztu972imukz4211jp4xsyq", "fields": {"session_data": ".eJxVjDsKwzAQRO-iOgjv6odSps8ZxGolRU6CDJZdmdw9NrhIYKp5b2YTgdalhrXnOYxJXAWKy28XiV-5HSA9qT0myVNb5jHKQ5En7fI-pfy-ne7fQaVe97ViNAiEzNoionYQncqqeGb2DFiUsQ6sHzxoioMu0UfjDGjj9jglPl--7DZ9:1vFFSE:y3X8my9r1yZWgRFFMwvqz_RzjrBwgsAu0s9MzSOd7cM", "expire_date": "2025-11-15T17:31:54.215Z"}}, {"model": "sessions.session", "pk": "t2n905gc2zwevp9ddd9e7dnk0bj4dsgz", "fields": {"session_data": ".eJxVjMsOwiAQRf-FtSHIox1cuu83kIEZpGogKe3K-O_apAvd3nPOfYmA21rC1nkJM4mL0OL0u0VMD647oDvWW5Op1XWZo9wVedAup0b8vB7u30HBXr611TQykOIBHflolAEL3kJKFJmz846JPTuTmdSZvQNMWQ8jKiSfwYn3BwDJOOg:1vCaBA:N-N_2Ihh_Cp2bXxF9tBVTZj5GGBZbCutoYy6up_8EmY", "expire_date": "2025-11-08T09:03:16.890Z"}}, {"model": "user_app.zone", "pk": 1, "fields": {"name": "Anuradhapura"}}, {"model": "user_app.zone", "pk": 2, "fields": {"name": "Thambuththegama"}}, {"model": "user_app.zone", "pk": 3, "fields": {"name": "Polonnaruwa"}}, {"model": "user_app.zone", "pk": 4, "fields": {"name": "Dimublagala"}}, {"model": "user_app.division", "pk": 1, "fields": {"name": "Nuwaragampalatha Central", "zone": 1}}, {"model": "user_app.division", "pk": 2, "fields": {"name": "Nuwaragampalatha East", "zone": 1}}, {"model": "user_app.division", "pk": 3, "fields": {"name": "Wilachchiya", "zone": 1}}, {"model": "user_app.division", "pk": 4, "fields": {"name": "Rambewa", "zone": 1}}, {"model": "user_app.division", "pk": 5, "fields": {"name": "Nochchiyagama", "zone": 1}}, {"model": "user_app.division", "pk": 6, "fields": {"name": "Nachchaduwa", "zone": 1}}, {"model": "user_app.school", "pk": 4, "fields": {"name": "NCP/A/A/NPC/PERIMIYANKULAMA ASOKA MAHA VIDYALAYA", "census_number": "19243", "division": 1}}, {"model": "user_app.school", "pk": 5, "fields": {"name": "NCP/A/A/NPC/ELAYAPATTUWA MAHA VIDYALAYA", "census_number": "19226", "division": 1}}, {"model": "user_app.school", "pk": 6, "fields": {"name": "NCP/A/A/NPC/PUSIYANKULAMA MAHA VIDYALAYA", "census_number": "19242", "division": 1}}, {"model": "user_app.school", "pk": 7, "fields": {"name": "NCP/A/A/NPC/KARUKKANKULAMA VIJAYABA MAHA VIDYALAYA", "census_number": "19233", "division": 1}}, {"model": "user_app.school", "pk": 8, "fields": {"name": "NCP/A/A/NPC/PANIYANKADAWALA MAHA VIDYALAYA", "census_number": "19241", "division": 1}}, {"model": "user_app.school", "pk": 9, "fields": {"name": "NCP/A/A/NPC/MAHA BULANKULAMA MAHA VIDYALAYA", "census_number": "19250", "division": 1}}, {"model": "user_app.school", "pk": 10, "fields": {"name": "NCP/A/A/NPC/MANKADAWALA MAHA VIDYALAYA", "census_number": "19255", "division": 1}}, {"model": "user_app.school", "pk": 11, "fields": {"name": "NCP/A/A/NPC/DEVANAMPIYATISSA MAHA VIDYALAYA", "census_number": "19550", "division": 1}}, {"model": "user_app.school", "pk": 12, "fields": {"name": "NCP/A/A/NPC/SALIYAPURA VIDYALAYA", "census_number": "19264", "division": 1}}, {"model": "user_app.school", "pk": 13, "fields": {"name": "NCP/A/A/NPC/MAHA BODHI VIDYALAYA", "census_number": "19248", "division": 1}}, {"model": "user_app.school", "pk": 14, "fields": {"name": "NCP/A/A/NPC/SIRI DEEPANANDA PRATHAMIKA VIDYALAYA", "census_number": "19244", "division": 1}}, {"model": "user_app.school", "pk": 15, "fields": {"name": "NCP/A/A/NPC/KATUKELIYAWA VIDYADEEPA MAHA VIDYALAYA", "census_number": "19230", "division": 1}}, {"model": "user_app.school", "pk": 16, "fields": {"name": "NCP/A/A/NPC/MAHA EHETUWEWA VIDYALAYA", "census_number": "19256", "division": 1}}, {"model": "user_app.school", "pk": 17, "fields": {"name": "NCP/A/A/NPC/ILANDAGAHAWEWA VIDYALAYA", "census_number": "19228", "division": 1}}, {"model": "user_app.school", "pk": 18, "fields": {"name": "NCP/A/A/NPC/VIDYARAJA  VIDYALAYA", "census_number": "19260", "division": 1}}, {"model": "user_app.school", "pk": 19, "fields": {"name": "NCP/A/A/NPC/MAHAMANKADAWALA MAHA VIDYALAYA", "census_number": "19249", "division": 1}}, {"model": "user_app.school", "pk": 20, "fields": {"name": "NCP/A/A/NPC/PARASANGAHAWEWA VIDYALAYA", "census_number": "19240", "division": 1}}, {"model": "user_app.school", "pk": 21, "fields": {"name": "NCP/A/A/NPC/DIGANEGAMA VIDYALAYA", "census_number": "19267", "division": 1}}, {"model": "user_app.school", "pk": 22, "fields": {"name": "NCP/A/A/NPC/VIHARA BULANKULAMA VIDYALAYA", "census_number": "19261", "division": 1}}, {"model": "user_app.school", "pk": 23, "fields": {"name": "NCP/A/A/NPC/PUWARASANKULAMA VIDYALAYA", "census_number": "19245", "division": 1}}, {"model": "user_app.school", "pk": 24, "fields": {"name": "NCP/A/A/NPC/GALPOTHTHEGAMA VIDYALAYA", "census_number": "19235", "division": 1}}, {"model": "user_app.school", "pk": 25, "fields": {"name": "NCP/A/A/NPC/DHARMA PRADEEPA VIDYALAYA", "census_number": "19263", "division": 1}}, {"model": "user_app.school", "pk": 26, "fields": {"name": "NCP/A/A/NPC/THEPPANKULAMA VIDYALAYA", "census_number": "19573", "division": 1}}, {"model": "user_app.school", "pk": 27, "fields": {"name": "NCP/A/A/NPC/GALKADAWALA VIDYALAYA", "census_number": "19234", "division": 1}}, {"model": "user_app.school", "pk": 28, "fields": {"name": "NCP/A/A/NPC/HELAMBAGASWEWA VIDYALAYA", "census_number": "19266", "division": 1}}, {"model": "user_app.school", "pk": 29, "fields": {"name": "NCP/A/A/NPC/TIBBATUWAGAMA VIDYALAYA", "census_number": "19239", "division": 1}}, {"model": "user_app.school", "pk": 30, "fields": {"name": "NCP/A/A/NPC/MANINGAMUWA VIDYALAYA", "census_number": "19257", "division": 1}}, {"model": "user_app.school", "pk": 31, "fields": {"name": "NCP/A/A/NPC/MANARUL ULOOM MAHA VIDYALAYA", "census_number": "19541", "division": 1}}, {"model": "user_app.school", "pk": 32, "fields": {"name": "NCP/A/A/NPC/DHARUSSALAM MUSLIM VIDYALAYA", "census_number": "19542", "division": 1}}, {"model": "user_app.school", "pk": 33, "fields": {"name": "NCP/A/A/NPC/ASIRIKGAMA MUSLIM VIDYALAYA", "census_number": "19547", "division": 1}}, {"model": "user_app.school", "pk": 34, "fields": {"name": "NCP/A/A/NPC/KIULEKADA MUSLIM VIDYALAYAM", "census_number": "19544", "division": 1}}, {"model": "user_app.school", "pk": 35, "fields": {"name": "NCP/A/A/NPC/DEVANAMPIYATISSAPURA AL-ASHAR MUSLIM PRIMARY SCHOOL", "census_number": "19601", "division": 1}}, {"model": "user_app.school", "pk": 36, "fields": {"name": "NCP/A/A/NPE/ANURADHAPURA MADHYA MAHA VIDYALAYA", "census_number": "19176", "division": 2}}, {"model": "user_app.school", "pk": 37, "fields": {"name": "NCP/A/A/NPE/SWARNAPALI BALIKA MAHA VIDYALAYA", "census_number": "19177", "division": 2}}, {"model": "user_app.school", "pk": 38, "fields": {"name": "NCP/A/A/NPE/ST. JOSEPH MAHA VIDYALAYA", "census_number": "19178", "division": 2}}, {"model": "user_app.school", "pk": 39, "fields": {"name": "NCP/A/A/NPE/NIWATTHAKA CHETHIYA MAHA VIDYALAYA", "census_number": "19224", "division": 2}}, {"model": "user_app.school", "pk": 40, "fields": {"name": "NCP/A/A/NPE/WALISINGHE HARISCHANDRA MAHA VIDYALAYA", "census_number": "19182", "division": 2}}, {"model": "user_app.school", "pk": 41, "fields": {"name": "NCP/A/A/NPE/ JANADHIPATHI VIDYALAYA", "census_number": "19181", "division": 2}}, {"model": "user_app.school", "pk": 42, "fields": {"name": "NCP/A/A/NPE/KALATHTHEWA MAHA VIDYALAYA", "census_number": "19188", "division": 2}}, {"model": "user_app.school", "pk": 43, "fields": {"name": "NCP/A/A/NPE/K.B. RATHNAYAKE MAHA VIDYALAYA", "census_number": "19184", "division": 2}}, {"model": "user_app.school", "pk": 44, "fields": {"name": "NCP/A/A/NPE/MAHINDA MODEL PRATHAMIKA VIDYALAYA", "census_number": "19225", "division": 2}}, {"model": "user_app.school", "pk": 45, "fields": {"name": "NCP/A/A/NPE/VIJAYAPURA DHAMMATHILAKA PRATHAMIKA VIDYALAYA", "census_number": "19203", "division": 2}}, {"model": "user_app.school", "pk": 46, "fields": {"name": "NCP/A/A/NPE/POTHANAGAMA VIDYALAYA", "census_number": "19195", "division": 2}}, {"model": "user_app.school", "pk": 47, "fields": {"name": "NCP/A/A/NPE/SUCHARITHAGAMA VIDYALAYA", "census_number": "19196", "division": 2}}, {"model": "user_app.school", "pk": 48, "fields": {"name": "NCP/A/A/NPE/THAMMENNAPURA VIDYALAYA", "census_number": "19191", "division": 2}}, {"model": "user_app.school", "pk": 49, "fields": {"name": "NCP/A/A/NPE/MAHAWANNAMMADUWA VIDYALAYA", "census_number": "19200", "division": 2}}, {"model": "user_app.school", "pk": 50, "fields": {"name": "NCP/A/A/NPE/NELUMKANNIYA PRATHAMIKA VIDYALAYA", "census_number": "19194", "division": 2}}, {"model": "user_app.school", "pk": 51, "fields": {"name": "NCP/A/A/NPE/SUDHARSANA BODHI VIDYALAYA", "census_number": "19549", "division": 2}}, {"model": "user_app.school", "pk": 52, "fields": {"name": "NCP/A/A/NPE/YAHALEGAMA VIDYALAYA", "census_number": "19202", "division": 2}}, {"model": "user_app.school", "pk": 53, "fields": {"name": "NCP/A/A/NPE/KEERIKKULAMA VIDYALAYA", "census_number": "19189", "division": 2}}, {"model": "user_app.school", "pk": 54, "fields": {"name": "NCP/A/A/NPE/D.S. SENANAYAKA MODEL PRATHAMIKA VIDYALAYA", "census_number": "19204", "division": 2}}, {"model": "user_app.school", "pk": 55, "fields": {"name": "NCP/A/A/NPE/SRI DHARMALANKARA PRATHAMIKA VIDYALAYA", "census_number": "19614", "division": 2}}, {"model": "user_app.school", "pk": 56, "fields": {"name": "NCP/A/A/NPE/ZAHIRA MAHA VIDYALAYA", "census_number": "19487", "division": 2}}, {"model": "user_app.school", "pk": 57, "fields": {"name": "NCP/A/A/NPE/VIVEKANANDA TAMIL MAHA VIDYALAYA", "census_number": "19488", "division": 2}}, {"model": "user_app.school", "pk": 58, "fields": {"name": "NCP/A/A/RB/RAMBEWA MAHA VIDYALAYA", "census_number": "19002", "division": 4}}, {"model": "user_app.school", "pk": 59, "fields": {"name": "NCP/A/A/RB/WIJAYARAJA MAHA VIDYALAYA", "census_number": "19004", "division": 4}}, {"model": "user_app.school", "pk": 60, "fields": {"name": "NCP/A/A/RB/KEDEWA MHAHA VIDYALAYA", "census_number": "19010", "division": 4}}, {"model": "user_app.school", "pk": 61, "fields": {"name": "NCP/A/A/RB/KEDE KALLANCHIYA  VIDYALAYA", "census_number": "19003", "division": 4}}, {"model": "user_app.school", "pk": 62, "fields": {"name": "NCP/A/A/RB/KONAKUMBUKWEWA VIDYALAYA", "census_number": "19007", "division": 4}}, {"model": "user_app.school", "pk": 63, "fields": {"name": "NCP/A/A/RB/THAMBALAGOLLEWA VIDYALAYA", "census_number": "19013", "division": 4}}, {"model": "user_app.school", "pk": 64, "fields": {"name": "NCP/A/A/RB/SANGILIKANADARAWA MAHA VIDYALAYA", "census_number": "19022", "division": 4}}, {"model": "user_app.school", "pk": 65, "fields": {"name": "NCP/A/A/RB/KEDE RATHMALE VIDYALAYA", "census_number": "19232", "division": 4}}, {"model": "user_app.school", "pk": 66, "fields": {"name": "NCP/A/A/RB/MAHAKANADARAWA DHARMAPALA VIDYALAYA", "census_number": "19578", "division": 4}}, {"model": "user_app.school", "pk": 67, "fields": {"name": "NCP/A/A/RB/SIYAMBALAGASWEWA MEDAGAMA VIDYALAYA", "census_number": "19265", "division": 4}}, {"model": "user_app.school", "pk": 68, "fields": {"name": "NCP/A/A/RB/SIRI DEWAMITHTHA PRIMARY VIDYALAYA", "census_number": "19236", "division": 4}}, {"model": "user_app.school", "pk": 69, "fields": {"name": "NCP/A/A/RB/PAHALA RATHMALGAHAWEWA VIDYALAYA", "census_number": "19017", "division": 4}}, {"model": "user_app.school", "pk": 70, "fields": {"name": "NCP/A/A/RB/PANDUKABHAYAPURA VIDYALAYA", "census_number": "19246", "division": 4}}, {"model": "user_app.school", "pk": 71, "fields": {"name": "NCP/A/A/RB/NABADAGASWEWA VIDYALAYA", "census_number": "19014", "division": 4}}, {"model": "user_app.school", "pk": 72, "fields": {"name": "NCP/A/A/RB/DIVIYAUDABENDAWEWA VIDYALAYA", "census_number": "19033", "division": 4}}, {"model": "user_app.school", "pk": 73, "fields": {"name": "NCP/A/A/RB/SANDAMALGAMA VIDYALAYA", "census_number": "19258", "division": 4}}, {"model": "user_app.school", "pk": 74, "fields": {"name": "NCP/A/A/RB/GINIKATUWEWA VIDYALAYA", "census_number": "19220", "division": 4}}, {"model": "user_app.school", "pk": 75, "fields": {"name": "NCP/A/A/RB/PALLANKULAMA VIDYALAYA", "census_number": "19035", "division": 4}}, {"model": "user_app.school", "pk": 76, "fields": {"name": "NCP/A/A/RB/KEDE ROTAWEWA VIDYALAYA", "census_number": "19218", "division": 4}}, {"model": "user_app.school", "pk": 77, "fields": {"name": "NCP/A/A/RB/SIYAMBALAGASWEWA WELEWA VIDYALAYA", "census_number": "19039", "division": 4}}, {"model": "user_app.school", "pk": 78, "fields": {"name": "NCP/A/A/RB/KEDE NEKATUNUWEWA VIDYALAYA", "census_number": "19028", "division": 4}}, {"model": "user_app.school", "pk": 79, "fields": {"name": "NCP/A/A/RB/GONAPETIYAWA VIDYALAYA", "census_number": "19219", "division": 4}}, {"model": "user_app.school", "pk": 80, "fields": {"name": "NCP/A/A/RB/KEDE AMBAGAHAWEWA VIDYALAYA", "census_number": "19040", "division": 4}}, {"model": "user_app.school", "pk": 81, "fields": {"name": "NCP/A/A/RB/WAHAMALGOLLEWA MAHASEN VIDYALAYA", "census_number": "19575", "division": 4}}, {"model": "user_app.school", "pk": 82, "fields": {"name": "NCP/A/A/RB/KAPIRIGGAMA VIDYALAYA", "census_number": "19025", "division": 4}}, {"model": "user_app.school", "pk": 83, "fields": {"name": "NCP/A/A/RB/URA PEENUWEWA PRIMARY VIDYALAYA", "census_number": "19024", "division": 4}}, {"model": "user_app.school", "pk": 84, "fields": {"name": "NCP/A/A/RB/AN. NOOR MUSLIM MAHA VIDYALAYA", "census_number": "19534", "division": 4}}, {"model": "user_app.school", "pk": 85, "fields": {"name": "NCP/A/A/RB/THALAGAHAWEWA MUSLIM VIDYALAYA", "census_number": "19535", "division": 4}}, {"model": "user_app.school", "pk": 86, "fields": {"name": "NCP/A/A/RB/KOVILBENDAWEWA MUSLIM VIDYALAYA", "census_number": "19548", "division": 4}}, {"model": "user_app.school", "pk": 87, "fields": {"name": "NCP/A/A/RB/SALAMBAPURA MUSLIM VIDYALAYA", "census_number": "19584", "division": 4}}, {"model": "user_app.school", "pk": 88, "fields": {"name": "NCP/A/A/RB/IHALA KOTIYAWA MUSLIM VIDYALAYA", "census_number": "19545", "division": 4}}, {"model": "user_app.school", "pk": 89, "fields": {"name": "NCP/A/A/NO/VIDYADARSHA MAHA VIDYALAYA", "census_number": "19281", "division": 5}}, {"model": "user_app.school", "pk": 90, "fields": {"name": "NCP/A/A/NO/PAHALAMARAGAHAWEWA VIDYARTHA MAHA VIDYALAYA", "census_number": "19282", "division": 5}}, {"model": "user_app.school", "pk": 91, "fields": {"name": "NCP/A/A/NO/SRI DUTUGEMUNU MAHA VIDYALAYA", "census_number": "19284", "division": 5}}, {"model": "user_app.school", "pk": 92, "fields": {"name": "NCP/A/A/NO/GALADIVULWEWA SRI SUMANGALA MAHA VIDYALAYA", "census_number": "19277", "division": 5}}, {"model": "user_app.school", "pk": 93, "fields": {"name": "NCP/A/A/NO/ADAMPANE SUDARSHANA  VIDYALAYA", "census_number": "19269", "division": 5}}, {"model": "user_app.school", "pk": 94, "fields": {"name": "NCP/A/A/NO/VIDYALOKA MAHA VIDYALAYA", "census_number": "19270", "division": 5}}, {"model": "user_app.school", "pk": 95, "fields": {"name": "NCP/A/A/NO/IPALOGAMA VIDYALAYA", "census_number": "19293", "division": 5}}, {"model": "user_app.school", "pk": 96, "fields": {"name": "NCP/A/A/NO/OTTAPPUWA VIDYALAYA", "census_number": "19273", "division": 5}}, {"model": "user_app.school", "pk": 97, "fields": {"name": "NCP/A/A/NO/HORUVILA VIDYALAYA", "census_number": "19290", "division": 5}}, {"model": "user_app.school", "pk": 98, "fields": {"name": "NCP/A/A/NO/VIDU ARUNA MAHA VIDYALAYA", "census_number": "19285", "division": 5}}, {"model": "user_app.school", "pk": 99, "fields": {"name": "NCP/A/A/NO/LINDAWEWA  VIDYALAYA", "census_number": "19289", "division": 5}}, {"model": "user_app.school", "pk": 100, "fields": {"name": "NCP/A/A/NO/PAHALA WETIYAWA VIDYALAYA", "census_number": "19283", "division": 5}}, {"model": "user_app.school", "pk": 101, "fields": {"name": "NCP/A/A/NO/IHALAKEDITOKKUWA VIDYALAYA", "census_number": "19272", "division": 5}}, {"model": "user_app.school", "pk": 102, "fields": {"name": "NCP/A/A/NO/RALAPANAWA JANAPADA VIDYALAYA", "census_number": "19288", "division": 5}}, {"model": "user_app.school", "pk": 103, "fields": {"name": "NCP/A/A/NO/VIDYARAVEENDA VIDYALAYA", "census_number": "19278", "division": 5}}, {"model": "user_app.school", "pk": 104, "fields": {"name": "NCP/A/A/NO/VIDYA PRADEEPA MAHA VIDYALAYA", "census_number": "19279", "division": 5}}, {"model": "user_app.school", "pk": 105, "fields": {"name": "NCP/A/A/NO/SARAKKUGALA PRATHAMIKA VIDYALAYA", "census_number": "19294", "division": 5}}, {"model": "user_app.school", "pk": 106, "fields": {"name": "NCP/A/A/NO/RANORAWA  PRATHAMIKA VIDYALAYA", "census_number": "19286", "division": 5}}, {"model": "user_app.school", "pk": 107, "fields": {"name": "NCP/A/A/NO/BANDARANAYAKA MODEL PRATHAMIKA VIDYALAYA", "census_number": "19581", "division": 5}}, {"model": "user_app.school", "pk": 108, "fields": {"name": "NCP/A/A/NO/KATUPATHWEWA VIDYALAYA", "census_number": "19274", "division": 5}}, {"model": "user_app.school", "pk": 109, "fields": {"name": "NCP/A/A/NO/KUKULKATUWA PRATHAMIKA VIDYALAYA", "census_number": "19276", "division": 5}}, {"model": "user_app.school", "pk": 110, "fields": {"name": "NCP/A/A/NO/RALAPANAWA VIDYALAYA", "census_number": "19287", "division": 5}}, {"model": "user_app.school", "pk": 111, "fields": {"name": "NCP/A/A/NO/PAHALA HALMILLEWA SRI DUTUGEMUNU PRIMARY VIDYALAYA", "census_number": "19618", "division": 5}}, {"model": "user_app.school", "pk": 112, "fields": {"name": "NCP/A/A/NO/AL-HIKMA MAHA VIDYALAYA", "census_number": "19546", "division": 5}}, {"model": "user_app.school", "pk": 113, "fields": {"name": "NCP/A/A/NA/NACHCHADUWA SINHALA MAHA VIDYALAYA", "census_number": "19403", "division": 6}}, {"model": "user_app.school", "pk": 114, "fields": {"name": "NCP/A/A/NA/KALUWILA SENA MAHA VIDYALAYA", "census_number": "19179", "division": 6}}, {"model": "user_app.school", "pk": 115, "fields": {"name": "NCP/A/A/NA/KUDANELUBEWA GAMUNU MAHA VIDYALAYA", "census_number": "19185", "division": 6}}, {"model": "user_app.school", "pk": 116, "fields": {"name": "NCP/A/A/NA/RATHMALE TISSA MAHA VIDYALAYA", "census_number": "19180", "division": 6}}, {"model": "user_app.school", "pk": 117, "fields": {"name": "NCP/A/A/NA/ALUTHWEWA KUMARA VIDYALAYA", "census_number": "19183", "division": 6}}, {"model": "user_app.school", "pk": 118, "fields": {"name": "NCP/A/A/NA/DIVULWEWA VIDYALAYA", "census_number": "19193", "division": 6}}, {"model": "user_app.school", "pk": 119, "fields": {"name": "NCP/A/A/NA/THURUWILA VIDYALAYA", "census_number": "19192", "division": 6}}, {"model": "user_app.school", "pk": 120, "fields": {"name": "NCP/A/A/NA/MADAWALAGAMA VIDYALAYA", "census_number": "19197", "division": 6}}, {"model": "user_app.school", "pk": 121, "fields": {"name": "NCP/A/A/NA/MAHANELUBEWA VIDYALAYA", "census_number": "19198", "division": 6}}, {"model": "user_app.school", "pk": 122, "fields": {"name": "NCP/A/A/NA/NACHCHADUWA MUSLIM MAHA VIDYALAYA", "census_number": "19508", "division": 6}}, {"model": "user_app.school", "pk": 123, "fields": {"name": "NCP/A/A/NA/AL- MADINA VIDYALAYA", "census_number": "19490", "division": 6}}, {"model": "user_app.school", "pk": 124, "fields": {"name": "NCP/A/A/WI/MAHAVILACHCHIYA SIDDHARTHA MAHA VIDYALAYA", "census_number": "19251", "division": 3}}, {"model": "user_app.school", "pk": 125, "fields": {"name": "NCP/A/A/WI/SALIYAMALA MAHA VIDYALAYA", "census_number": "19252", "division": 3}}, {"model": "user_app.school", "pk": 126, "fields": {"name": "NCP/A/A/WI/THAKSHILA MAHA VIDYALAYA", "census_number": "19253", "division": 3}}, {"model": "user_app.school", "pk": 127, "fields": {"name": "NCP/A/A/WI/THANTIRIMALE  SIRI VIMALAGNANA MAHA VIDYALAYA", "census_number": "19237", "division": 3}}, {"model": "user_app.school", "pk": 128, "fields": {"name": "NCP/A/A/WI/ETHDATHKALLA RAHULA VIDYALAYA", "census_number": "19227", "division": 3}}, {"model": "user_app.school", "pk": 129, "fields": {"name": "NCP/A/A/WI/THAMBIYAWA DHARMAPALA MAHA VIDYALAYA", "census_number": "19238", "division": 3}}, {"model": "user_app.school", "pk": 130, "fields": {"name": "NCP/A/A/WI/DUNUMADALAWA VIDYALAYA", "census_number": "19280", "division": 3}}, {"model": "user_app.school", "pk": 131, "fields": {"name": "NCP/A/A/WI/OYAMADUWA MAHA KASAYAPA VIDYALAYA", "census_number": "19268", "division": 3}}, {"model": "user_app.school", "pk": 132, "fields": {"name": "NCP/A/A/WI/MAHAVILACHCHIYA GAMINI VIDYALAYA", "census_number": "19254", "division": 3}}, {"model": "user_app.school", "pk": 133, "fields": {"name": "NCP/A/A/WI/WANNI HALABEWA SIRISANGABO VIDYALAYA", "census_number": "19262", "division": 3}}, {"model": "user_app.school", "pk": 134, "fields": {"name": "NCP/A/A/WI/BILLEWA VIDYALAYA", "census_number": "19247", "division": 3}}, {"model": "user_app.school", "pk": 135, "fields": {"name": "NCP/A/A/WI/SIYAMBALAGASWEWA ASOKA VIDYALAYA", "census_number": "19566", "division": 3}}, {"model": "user_app.school", "pk": 136, "fields": {"name": "NCP/A/A/WI/KIMBULWEWA ANANDA VIDYALAYA", "census_number": "19551", "division": 3}}, {"model": "user_app.school", "pk": 137, "fields": {"name": "NCP/A/A/WI/KADURUPITIYA ASOKAMALA VIDYALAYA", "census_number": "19275", "division": 3}}, {"model": "user_app.school", "pk": 138, "fields": {"name": "NCP/A/A/WI/MAHAWILACHIYA SEEVALI MODEL PRIMARY VIDYALAYA", "census_number": "19598", "division": 3}}, {"model": "user_app.school", "pk": 139, "fields": {"name": "NCP/A/A/WI/THAMBIYAWA DHARMAPALA PRIMARY VIDYALAYA", "census_number": "19616", "division": 3}}, {"model": "user_app.profile", "pk": 1, "fields": {"user": 1, "role": "provincial", "zone": null, "division": null, "school": null}}, {"model": "user_app.profile", "pk": 2, "fields": {"user": 2, "role": "provincial", "zone": null, "division": null, "school": null}}, {"model": "user_app.profile", "pk": 3, "fields": {"user": 3, "role": "zonal", "zone": 1, "division": null, "school": null}}, {"model": "user_app.profile", "pk": 4, "fields": {"user": 4, "role": "divisional", "zone": 1, "division": 1, "school": null}}, {"model": "user_app.profile", "pk": 5, "fields": {"user": 5, "role": "", "zone": null, "division": null, "school": null}}, {"model": "user_app.profile", "pk": 6, "fields": {"user": 6, "role": "", "zone": null, "division": null, "school": null}}, {"model": "user_app.profile", "pk": 7, "fields": {"user": 7, "role": "", "zone": null, "division": null, "school": null}}, {"model": "user_app.profile", "pk": 8, "fields": {"user": 8, "role": "", "zone": null, "division": null, "school": null}}, {"model": "user_app.profile", "pk": 9, "fields": {"user": 9, "role": "", "zone": null, "division": null, "school": null}}, {"model": "user_app.profile", "pk": 10, "fields": {"user": 10, "role": "", "zone": null, "division": null, "school": null}}, {"model": "user_app.profile", "pk": 11, "fields": {"user": 11, "role": "", "zone": null, "division": null, "school": null}}, {"model": "user_app.profile", "pk": 12, "fields": {"user": 12, "role": "", "zone": null, "division": null, "school": null}}, {"model": "user_app.profile", "pk": 13, "fields": {"user": 13, "role": "", "zone": null, "division": null, "school": null}}, {"model": "user_app.profile", "pk": 14, "fields": {"user": 14, "role": "", "zone": null, "division": null, "school": null}}, {"model": "user_app.profile", "pk": 15, "fields": {"user": 15, "role": "", "zone": null, "division": null, "school": null}}, {"model": "user_app.profile", "pk": 16, "fields": {"user": 16, "role": "", "zone": null, "division": null, "school": null}}, {"model": "user_app.profile", "pk": 17, "fields": {"user": 17, "role": "", "zone": null, "division": null, "school": null}}, {"model": "user_app.profile", "pk": 18, "fields": {"user": 18, "role": "", "zone": null, "division": null, "school": null}}, {"model": "user_app.profile", "pk": 19, "fields": {"user": 19, "role": "", "zone": null, "division": null, "school": null}}, {"model": "user_app.profile", "pk": 20, "fields": {"user": 20, "role": "", "zone": null, "division": null, "school": null}}, {"model": "user_app.profile", "pk": 21, "fields": {"user": 21, "role": "", "zone": null, "division": null, "school": null}}, {"model": "user_app.profile", "pk": 22, "fields": {"user": 22, "role": "", "zone": null, "division": null, "school": null}}, {"model": "user_app.profile", "pk": 23, "fields": {"user": 23, "role": "", "zone": null, "division": null, "school": null}}, {"model": "user_app.profile", "pk": 24, "fields": {"user": 24, "role": "", "zone": null, "division": null, "school": null}}, {"model": "user_app.profile", "pk": 25, "fields": {"user": 25, "role": "", "zone": null, "division": null, "school": null}}, {"model": "user_app.profile", "pk": 26, "fields": {"user": 26, "role": "", "zone": null, "division": null, "school": null}}, {"model": "user_app.profile", "pk": 27, "fields": {"user": 27, "role": "", "zone": null, "division": null, "school": null}}, {"model": "user_app.profile", "pk": 28, "fields": {"user": 28, "role": "", "zone": null, "division": null, "school": null}}, {"model": "user_app.profile", "pk": 29, "fields": {"user": 29, "role": "", "zone": null, "division": null, "school": null}}, {"model": "user_app.profile", "pk": 30, "fields": {"user": 30, "role": "", "zone": null, "division": null, "school": null}}, {"model": "user_app.profile", "pk": 31, "fields": {"user": 31, "role": "", "zone": null, "division": null, "school": null}}, {"model": "user_app.profile", "pk": 32, "fields": {"user": 32, "role": "", "zone": null, "division": null, "school": null}}, {"model": "user_app.profile", "pk": 33, "fields": {"user": 33, "role": "", "zone": null, "division": null, "school": null}}, {"model": "user_app.profile", "pk": 34, "fields": {"user": 34, "role": "", "zone": null, "division": null, "school": null}}, {"model": "user_app.profile", "pk": 35, "fields": {"user": 35, "role": "", "zone": null, "division": null, "school": null}}, {"model": "user_app.profile", "pk": 36, "fields": {"user": 36, "role": "", "zone": null, "division": null, "school": null}}, {"model": "user_app.profile", "pk": 37, "fields": {"user": 37, "role": "", "zone": null, "division": null, "school": null}}, {"model": "user_app.profile", "pk": 38, "fields": {"user": 38, "role": "", "zone": null, "division": null, "school": null}}, {"model": "user_app.profile", "pk": 39, "fields": {"user": 39, "role": "", "zone": null, "division": null, "school": null}}, {"model": "user_app.profile", "pk": 40, "fields": {"user": 40, "role": "", "zone": null, "division": null, "school": null}}, {"model": "user_app.profile", "pk": 41, "fields": {"user": 41, "role": "", "zone": null, "division": null, "school": null}}, {"model": "user_app.profile", "pk": 42, "fields": {"user": 42, "role": "", "zone": null, "division": null, "school": null}}, {"model": "user_app.profile", "pk": 43, "fields": {"user": 43, "role": "", "zone": null, "division": null, "school": null}}, {"model": "user_app.profile", "pk": 44, "fields": {"user": 44, "role": "", "zone": null, "division": null, "school": null}}, {"model": "user_app.profile", "pk": 45, "fields": {"user": 45, "role": "", "zone": null, "division": null, "school": null}}, {"model": "user_app.profile", "pk": 46, "fields": {"user": 46, "role": "", "zone": null, "division": null, "school": null}}, {"model": "user_app.profile", "pk": 47, "fields": {"user": 47, "role": "", "zone": null, "division": null, "school": null}}, {"model": "user_app.profile", "pk": 48, "fields": {"user": 48, "role": "", "zone": null, "division": null, "school": null}}, {"model": "user_app.profile", "pk": 49, "fields": {"user": 49, "role": "", "zone": null, "division": null, "school": null}}, {"model": "user_app.profile", "pk": 50, "fields": {"user": 50, "role": "", "zone": null, "division": null, "school": null}}, {"model": "user_app.profile", "pk": 51, "fields": {"user": 51, "role": "", "zone": null, "division": null, "school": null}}, {"model": "user_app.profile", "pk": 52, "fields": {"user": 52, "role": "", "zone": null, "division": null, "school": null}}, {"model": "user_app.profile", "pk": 53, "fields": {"user": 53, "role": "", "zone": null, "division": null, "school": null}}, {"model": "user_app.profile", "pk": 54, "fields": {"user": 54, "role": "", "zone": null, "division": null, "school": null}}, {"model": "user_app.profile", "pk": 55, "fields": {"user": 55, "role": "", "zone": null, "division": null, "school": null}}, {"model": "user_app.profile", "pk": 56, "fields": {"user": 56, "role": "", "zone": null, "division": null, "school": null}}, {"model": "user_app.profile", "pk": 57, "fields": {"user": 57, "role": "", "zone": null, "division": null, "school": null}}, {"model": "user_app.profile", "pk": 58, "fields": {"user": 58, "role": "", "zone": null, "division": null, "school": null}}, {"model": "user_app.profile", "pk": 59, "fields": {"user": 59, "role": "", "zone": null, "division": null, "school": null}}, {"model": "user_app.profile", "pk": 60, "fields": {"user": 60, "role": "", "zone": null, "division": null, "school": null}}, {"model": "user_app.profile", "pk": 61, "fields": {"user": 61, "role": "", "zone": null, "division": null, "school": null}}, {"model": "user_app.profile", "pk": 62, "fields": {"user": 62, "role": "", "zone": null, "division": null, "school": null}}, {"model": "user_app.profile", "pk": 63, "fields": {"user": 63, "role": "", "zone": null, "division": null, "school": null}}, {"model": "user_app.profile", "pk": 64, "fields": {"user": 64, "role": "", "zone": null, "division": null, "school": null}}, {"model": "user_app.profile", "pk": 65, "fields": {"user": 65, "role": "", "zone": null, "division": null, "school": null}}, {"model": "user_app.profile", "pk": 66, "fields": {"user": 66, "role": "", "zone": null, "division": null, "school": null}}, {"model": "user_app.profile", "pk": 67, "fields": {"user": 67, "role": "", "zone": null, "division": null, "school": null}}, {"model": "user_app.profile", "pk": 68, "fields": {"user": 68, "role": "", "zone": null, "division": null, "school": null}}, {"model": "user_app.profile", "pk": 69, "fields": {"user": 69, "role": "", "zone": null, "division": null, "school": null}}, {"model": "user_app.profile", "pk": 70, "fields": {"user": 70, "role": "", "zone": null, "division": null, "school": null}}, {"model": "user_app.profile", "pk": 71, "fields": {"user": 71, "role": "", "zone": null, "division": null, "school": null}}, {"model": "user_app.profile", "pk": 72, "fields": {"user": 72, "role": "", "zone": null, "division": null, "school": null}}, {"model": "user_app.profile", "pk": 73, "fields": {"user": 73, "role": "", "zone": null, "division": null, "school": null}}, {"model": "user_app.profile", "pk": 74, "fields": {"user": 74, "role": "", "zone": null, "division": null, "school": null}}, {"model": "user_app.profile", "pk": 75, "fields": {"user": 75, "role": "", "zone": null, "division": null, "school": null}}, {"model": "user_app.profile", "pk": 76, "fields": {"user": 76, "role": "", "zone": null, "division": null, "school": null}}, {"model": "user_app.profile", "pk": 77, "fields": {"user": 77, "role": "", "zone": null, "division": null, "school": null}}, {"model": "user_app.profile", "pk": 78, "fields": {"user": 78, "role": "", "zone": null, "division": null, "school": null}}, {"model": "user_app.profile", "pk": 79, "fields": {"user": 79, "role": "", "zone": null, "division": null, "school": null}}, {"model": "user_app.profile", "pk": 80, "fields": {"user": 80, "role": "", "zone": null, "division": null, "school": null}}, {"model": "user_app.profile", "pk": 81, "fields": {"user": 81, "role": "", "zone": null, "division": null, "school": null}}, {"model": "user_app.profile", "pk": 82, "fields": {"user": 82, "role": "", "zone": null, "division": null, "school": null}}, {"model": "user_app.profile", "pk": 83, "fields": {"user": 83, "role": "", "zone": null, "division": null, "school": null}}, {"model": "user_app.profile", "pk": 84, "fields": {"user": 84, "role": "", "zone": null, "division": null, "school": null}}, {"model": "user_app.profile", "pk": 85, "fields": {"user": 85, "role": "", "zone": null, "division": null, "school": null}}, {"model": "user_app.profile", "pk": 86, "fields": {"user": 86, "role": "", "zone": null, "division": null, "school": null}}, {"model": "user_app.profile", "pk": 87, "fields": {"user": 87, "role": "", "zone": null, "division": null, "school": null}}, {"model": "user_app.profile", "pk": 88, "fields": {"user": 88, "role": "", "zone": null, "division": null, "school": null}}, {"model": "user_app.profile", "pk": 89, "fields": {"user": 89, "role": "", "zone": null, "division": null, "school": null}}, {"model": "user_app.profile", "pk": 90, "fields": {"user": 90, "role": "", "zone": null, "division": null, "school": null}}, {"model": "user_app.profile", "pk": 91, "fields": {"user": 91, "role": "", "zone": null, "division": null, "school": null}}, {"model": "user_app.profile", "pk": 92, "fields": {"user": 92, "role": "", "zone": null, "division": null, "school": null}}, {"model": "user_app.profile", "pk": 93, "fields": {"user": 93, "role": "", "zone": null, "division": null, "school": null}}, {"model": "user_app.profile", "pk": 94, "fields": {"user": 94, "role": "", "zone": null, "division": null, "school": null}}, {"model": "user_app.profile", "pk": 95, "fields": {"user": 95, "role": "", "zone": null, "division": null, "school": null}}, {"model": "user_app.profile", "pk": 96, "fields": {"user": 96, "role": "", "zone": null, "division": null, "school": null}}, {"model": "user_app.profile", "pk": 97, "fields": {"user": 97, "role": "", "zone": null, "division": null, "school": null}}, {"model": "user_app.profile", "pk": 98, "fields": {"user": 98, "role": "", "zone": null, "division": null, "school": null}}, {"model": "user_app.profile", "pk": 99, "fields": {"user": 99, "role": "", "zone": null, "division": null, "school": null}}, {"model": "user_app.profile", "pk": 100, "fields": {"user": 100, "role": "", "zone": null, "division": null, "school": null}}, {"model": "user_app.profile", "pk": 101, "fields": {"user": 101, "role": "", "zone": null, "division": null, "school": null}}, {"model": "user_app.profile", "pk": 102, "fields": {"user": 102, "role": "", "zone": null, "division": null, "school": null}}, {"model": "user_app.profile", "pk": 103, "fields": {"user": 103, "role": "", "zone": null, "division": null, "school": null}}, {"model": "user_app.profile", "pk": 104, "fields": {"user": 104, "role": "", "zone": null, "division": null, "school": null}}, {"model": "user_app.profile", "pk": 105, "fields": {"user": 105, "role": "", "zone": null, "division": null, "school": null}}, {"model": "user_app.profile", "pk": 106, "fields": {"user": 106, "role": "", "zone": null, "division": null, "school": null}}, {"model": "user_app.profile", "pk": 107, "fields": {"user": 107, "role": "", "zone": null, "division": null, "school": null}}, {"model": "user_app.profile", "pk": 108, "fields": {"user": 108, "role": "", "zone": null, "division": null, "school": null}}, {"model": "user_app.profile", "pk": 109, "fields": {"user": 109, "role": "", "zone": null, "division": null, "school": null}}, {"model": "user_app.profile", "pk": 110, "fields": {"user": 110, "role": "", "zone": null, "division": null, "school": null}}, {"model": "user_app.profile", "pk": 111, "fields": {"user": 111, "role": "", "zone": null, "division": null, "school": null}}, {"model": "user_app.profile", "pk": 112, "fields": {"user": 112, "role": "", "zone": null, "division": null, "school": null}}, {"model": "user_app.profile", "pk": 113, "fields": {"user": 113, "role": "", "zone": null, "division": null, "school": null}}, {"model": "user_app.profile", "pk": 114, "fields": {"user": 114, "role": "", "zone": null, "division": null, "school": null}}, {"model": "user_app.profile", "pk": 115, "fields": {"user": 115, "role": "", "zone": null, "division": null, "school": null}}, {"model": "user_app.profile", "pk": 116, "fields": {"user": 116, "role": "", "zone": null, "division": null, "school": null}}, {"model": "user_app.profile", "pk": 117, "fields": {"user": 117, "role": "", "zone": null, "division": null, "school": null}}, {"model": "user_app.profile", "pk": 118, "fields": {"user": 118, "role": "", "zone": null, "division": null, "school": null}}, {"model": "user_app.profile", "pk": 119, "fields": {"user": 119, "role": "", "zone": null, "division": null, "school": null}}, {"model": "user_app.profile", "pk": 120, "fields": {"user": 120, "role": "", "zone": null, "division": null, "school": null}}, {"model": "user_app.profile", "pk": 121, "fields": {"user": 121, "role": "", "zone": null, "division": null, "school": null}}, {"model": "user_app.profile", "pk": 122, "fields": {"user": 122, "role": "", "zone": null, "division": null, "school": null}}, {"model": "user_app.profile", "pk": 123, "fields": {"user": 123, "role": "", "zone": null, "division": null, "school": null}}, {"model": "user_app.profile", "pk": 124, "fields": {"user": 124, "role": "", "zone": null, "division": null, "school": null}}, {"model": "user_app.profile", "pk": 125, "fields": {"user": 125, "role": "", "zone": null, "division": null, "school": null}}, {"model": "user_app.profile", "pk": 126, "fields": {"user": 126, "role": "", "zone": null, "division": null, "school": null}}, {"model": "user_app.profile", "pk": 127, "fields": {"user": 127, "role": "", "zone": null, "division": null, "school": null}}, {"model": "user_app.profile", "pk": 128, "fields": {"user": 128, "role": "", "zone": null, "division": null, "school": null}}, {"model": "user_app.profile", "pk": 129, "fields": {"user": 129, "role": "", "zone": null, "division": null, "school": null}}, {"model": "user_app.profile", "pk": 130, "fields": {"user": 130, "role": "", "zone": null, "division": null, "school": null}}, {"model": "user_app.profile", "pk": 131, "fields": {"user": 131, "role": "", "zone": null, "division": null, "school": null}}, {"model": "user_app.profile", "pk": 132, "fields": {"user": 132, "role": "", "zone": null, "division": null, "school": null}}, {"model": "user_app.profile", "pk": 133, "fields": {"user": 133, "role": "", "zone": null, "division": null, "school": null}}, {"model": "user_app.profile", "pk": 134, "fields": {"user": 134, "role": "", "zone": null, "division": null, "school": null}}, {"model": "user_app.profile", "pk": 135, "fields": {"user": 135, "role": "", "zone": null, "division": null, "school": null}}, {"model": "user_app.profile", "pk": 136, "fields": {"user": 136, "role": "", "zone": null, "division": null, "school": null}}, {"model": "user_app.profile", "pk": 137, "fields": {"user": 137, "role": "", "zone": null, "division": null, "school": null}}, {"model": "user_app.profile", "pk": 138, "fields": {"user": 138, "role": "", "zone": null, "division": null, "school": null}}, {"model": "user_app.profile", "pk": 139, "fields": {"user": 139, "role": "", "zone": null, "division": null, "school": null}}, {"model": "user_app.profile", "pk": 140, "fields": {"user": 140, "role": "", "zone": null, "division": null, "school": null}}, {"model": "user_app.profile", "pk": 141, "fields": {"user": 141, "role": "divisional", "zone": 1, "division": 2, "school": null}}, {"model": "user_app.schooluser", "pk": 1, "fields": {"user": 5, "school": 4}}, {"model": "user_app.schooluser", "pk": 2, "fields": {"user": 6, "school": 5}}, {"model": "user_app.schooluser", "pk": 3, "fields": {"user": 7, "school": 6}}, {"model": "user_app.schooluser", "pk": 4, "fields": {"user": 8, "school": 7}}, {"model": "user_app.schooluser", "pk": 5, "fields": {"user": 9, "school": 8}}, {"model": "user_app.schooluser", "pk": 6, "fields": {"user": 10, "school": 9}}, {"model": "user_app.schooluser", "pk": 7, "fields": {"user": 11, "school": 10}}, {"model": "user_app.schooluser", "pk": 8, "fields": {"user": 12, "school": 11}}, {"model": "user_app.schooluser", "pk": 9, "fields": {"user": 13, "school": 12}}, {"model": "user_app.schooluser", "pk": 10, "fields": {"user": 14, "school": 13}}, {"model": "user_app.schooluser", "pk": 11, "fields": {"user": 15, "school": 14}}, {"model": "user_app.schooluser", "pk": 12, "fields": {"user": 16, "school": 15}}, {"model": "user_app.schooluser", "pk": 13, "fields": {"user": 17, "school": 16}}, {"model": "user_app.schooluser", "pk": 14, "fields": {"user": 18, "school": 17}}, {"model": "user_app.schooluser", "pk": 15, "fields": {"user": 19, "school": 18}}, {"model": "user_app.schooluser", "pk": 16, "fields": {"user": 20, "school": 19}}, {"model": "user_app.schooluser", "pk": 17, "fields": {"user": 21, "school": 20}}, {"model": "user_app.schooluser", "pk": 18, "fields": {"user": 22, "school": 21}}, {"model": "user_app.schooluser", "pk": 19, "fields": {"user": 23, "school": 22}}, {"model": "user_app.schooluser", "pk": 20, "fields": {"user": 24, "school": 23}}, {"model": "user_app.schooluser", "pk": 21, "fields": {"user": 25, "school": 24}}, {"model": "user_app.schooluser", "pk": 22, "fields": {"user": 26, "school": 25}}, {"model": "user_app.schooluser", "pk": 23, "fields": {"user": 27, "school": 26}}, {"model": "user_app.schooluser", "pk": 24, "fields": {"user": 28, "school": 27}}, {"model": "user_app.schooluser", "pk": 25, "fields": {"user": 29, "school": 28}}, {"model": "user_app.schooluser", "pk": 26, "fields": {"user": 30, "school": 29}}, {"model": "user_app.schooluser", "pk": 27, "fields": {"user": 31, "school": 30}}, {"model": "user_app.schooluser", "pk": 28, "fields": {"user": 32, "school": 31}}, {"model": "user_app.schooluser", "pk": 29, "fields": {"user": 33, "school": 32}}, {"model": "user_app.schooluser", "pk": 30, "fields": {"user": 34, "school": 33}}, {"model": "user_app.schooluser", "pk": 31, "fields": {"user": 35, "school": 34}}, {"model": "user_app.schooluser", "pk": 32, "fields": {"user": 36, "school": 35}}, {"model": "user_app.schooluser", "pk": 33, "fields": {"user": 37, "school": 36}}, {"model": "user_app.schooluser", "pk": 34, "fields": {"user": 38, "school": 37}}, {"model": "user_app.schooluser", "pk": 35, "fields": {"user": 39, "school": 38}}, {"model": "user_app.schooluser", "pk": 36, "fields": {"user": 40, "school": 39}}, {"model": "user_app.schooluser", "pk": 37, "fields": {"user": 41, "school": 40}}, {"model": "user_app.schooluser", "pk": 38, "fields": {"user": 42, "school": 41}}, {"model": "user_app.schooluser", "pk": 39, "fields": {"user": 43, "school": 42}}, {"model": "user_app.schooluser", "pk": 40, "fields": {"user": 44, "school": 43}}, {"model": "user_app.schooluser", "pk": 41, "fields": {"user": 45, "school": 44}}, {"model": "user_app.schooluser", "pk": 42, "fields": {"user": 46, "school": 45}}, {"model": "user_app.schooluser", "pk": 43, "fields": {"user": 47, "school": 46}}, {"model": "user_app.schooluser", "pk": 44, "fields": {"user": 48, "school": 47}}, {"model": "user_app.schooluser", "pk": 45, "fields": {"user": 49, "school": 48}}, {"model": "user_app.schooluser", "pk": 46, "fields": {"user": 50, "school": 49}}, {"model": "user_app.schooluser", "pk": 47, "fields": {"user": 51, "school": 50}}, {"model": "user_app.schooluser", "pk": 48, "fields": {"user": 52, "school": 51}}, {"model": "user_app.schooluser", "pk": 49, "fields": {"user": 53, "school": 52}}, {"model": "user_app.schooluser", "pk": 50, "fields": {"user": 54, "school": 53}}, {"model": "user_app.schooluser", "pk": 51, "fields": {"user": 55, "school": 54}}, {"model": "user_app.schooluser", "pk": 52, "fields": {"user": 56, "school": 55}}, {"model": "user_app.schooluser", "pk": 53, "fields": {"user": 57, "school": 56}}, {"model": "user_app.schooluser", "pk": 54, "fields": {"user": 58, "school": 57}}, {"model": "user_app.schooluser", "pk": 55, "fields": {"user": 59, "school": 58}}, {"model": "user_app.schooluser", "pk": 56, "fields": {"user": 60, "school": 59}}, {"model": "user_app.schooluser", "pk": 57, "fields": {"user": 61, "school": 60}}, {"model": "user_app.schooluser", "pk": 58, "fields": {"user": 62, "school": 61}}, {"model": "user_app.schooluser", "pk": 59, "fields": {"user": 63, "school": 62}}, {"model": "user_app.schooluser", "pk": 60, "fields": {"user": 64, "school": 63}}, {"model": "user_app.schooluser", "pk": 61, "fields": {"user": 65, "school": 64}}, {"model": "user_app.schooluser", "pk": 62, "fields": {"user": 66, "school": 65}}, {"model": "user_app.schooluser", "pk": 63, "fields": {"user": 67, "school": 66}}, {"model": "user_app.schooluser", "pk": 64, "fields": {"user": 68, "school": 67}}, {"model": "user_app.schooluser", "pk": 65, "fields": {"user": 69, "school": 68}}, {"model": "user_app.schooluser", "pk": 66, "fields": {"user": 70, "school": 69}}, {"model": "user_app.schooluser", "pk": 67, "fields": {"user": 71, "school": 70}}, {"model": "user_app.schooluser", "pk": 68, "fields": {"user": 72, "school": 71}}, {"model": "user_app.schooluser", "pk": 69, "fields": {"user": 73, "school": 72}}, {"model": "user_app.schooluser", "pk": 70, "fields": {"user": 74, "school": 73}}, {"model": "user_app.schooluser", "pk": 71, "fields": {"user": 75, "school": 74}}, {"model": "user_app.schooluser", "pk": 72, "fields": {"user": 76, "school": 75}}, {"model": "user_app.schooluser", "pk": 73, "fields": {"user": 77, "school": 76}}, {"model": "user_app.schooluser", "pk": 74, "fields": {"user": 78, "school": 77}}, {"model": "user_app.schooluser", "pk": 75, "fields": {"user": 79, "school": 78}}, {"model": "user_app.schooluser", "pk": 76, "fields": {"user": 80, "school": 79}}, {"model": "user_app.schooluser", "pk": 77, "fields": {"user": 81, "school": 80}}, {"model": "user_app.schooluser", "pk": 78, "fields": {"user": 82, "school": 81}}, {"model": "user_app.schooluser", "pk": 79, "fields": {"user": 83, "school": 82}}, {"model": "user_app.schooluser", "pk": 80, "fields": {"user": 84, "school": 83}}, {"model": "user_app.schooluser", "pk": 81, "fields": {"user": 85, "school": 84}}, {"model": "user_app.schooluser", "pk": 82, "fields": {"user": 86, "school": 85}}, {"model": "user_app.schooluser", "pk": 83, "fields": {"user": 87, "school": 86}}, {"model": "user_app.schooluser", "pk": 84, "fields": {"user": 88, "school": 87}}, {"model": "user_app.schooluser", "pk": 85, "fields": {"user": 89, "school": 88}}, {"model": "user_app.schooluser", "pk": 86, "fields": {"user": 90, "school": 89}}, {"model": "user_app.schooluser", "pk": 87, "fields": {"user": 91, "school": 90}}, {"model": "user_app.schooluser", "pk": 88, "fields": {"user": 92, "school": 91}}, {"model": "user_app.schooluser", "pk": 89, "fields": {"user": 93, "school": 92}}, {"model": "user_app.schooluser", "pk": 90, "fields": {"user": 94, "school": 93}}, {"model": "user_app.schooluser", "pk": 91, "fields": {"user": 95, "school": 94}}, {"model": "user_app.schooluser", "pk": 92, "fields": {"user": 96, "school": 95}}, {"model": "user_app.schooluser", "pk": 93, "fields": {"user": 97, "school": 96}}, {"model": "user_app.schooluser", "pk": 94, "fields": {"user": 98, "school": 97}}, {"model": "user_app.schooluser", "pk": 95, "fields": {"user": 99, "school": 98}}, {"model": "user_app.schooluser", "pk": 96, "fields": {"user": 100, "school": 99}}, {"model": "user_app.schooluser", "pk": 97, "fields": {"user": 101, "school": 100}}, {"model": "user_app.schooluser", "pk": 98, "fields": {"user": 102, "school": 101}}, {"model": "user_app.schooluser", "pk": 99, "fields": {"user": 103, "school": 102}}, {"model": "user_app.schooluser", "pk": 100, "fields": {"user": 104, "school": 103}}, {"model": "user_app.schooluser", "pk": 101, "fields": {"user": 105, "school": 104}}, {"model": "user_app.schooluser", "pk": 102, "fields": {"user": 106, "school": 105}}, {"model": "user_app.schooluser", "pk": 103, "fields": {"user": 107, "school": 106}}, {"model": "user_app.schooluser", "pk": 104, "fields": {"user": 108, "school": 107}}, {"model": "user_app.schooluser", "pk": 105, "fields": {"user": 109, "school": 108}}, {"model": "user_app.schooluser", "pk": 106, "fields": {"user": 110, "school": 109}}, {"model": "user_app.schooluser", "pk": 107, "fields": {"user": 111, "school": 110}}, {"model": "user_app.schooluser", "pk": 108, "fields": {"user": 112, "school": 111}}, {"model": "user_app.schooluser", "pk": 109, "fields": {"user": 113, "school": 112}}, {"model": "user_app.schooluser", "pk": 110, "fields": {"user": 114, "school": 113}}, {"model": "user_app.schooluser", "pk": 111, "fields": {"user": 115, "school": 114}}, {"model": "user_app.schooluser", "pk": 112, "fields": {"user": 116, "school": 115}}, {"model": "user_app.schooluser", "pk": 113, "fields": {"user": 117, "school": 116}}, {"model": "user_app.schooluser", "pk": 114, "fields": {"user": 118, "school": 117}}, {"model": "user_app.schooluser", "pk": 115, "fields": {"user": 119, "school": 118}}, {"model": "user_app.schooluser", "pk": 116, "fields": {"user": 120, "school": 119}}, {"model": "user_app.schooluser", "pk": 117, "fields": {"user": 121, "school": 120}}, {"model": "user_app.schooluser", "pk": 118, "fields": {"user": 122, "school": 121}}, {"model": "user_app.schooluser", "pk": 119, "fields": {"user": 123, "school": 122}}, {"model": "user_app.schooluser", "pk": 120, "fields": {"user": 124, "school": 123}}, {"model": "user_app.schooluser", "pk": 121, "fields": {"user": 125, "school": 124}}, {"model": "user_app.schooluser", "pk": 122, "fields": {"user": 126, "school": 125}}, {"model": "user_app.schooluser", "pk": 123, "fields": {"user": 127, "school": 126}}, {"model": "user_app.schooluser", "pk": 124, "fields": {"user": 128, "school": 127}}, {"model": "user_app.schooluser", "pk": 125, "fields": {"user": 129, "school": 128}}, {"model": "user_app.schooluser", "pk": 126, "fields": {"user": 130, "school": 129}}, {"model": "user_app.schooluser", "pk": 127, "fields": {"user": 131, "school": 130}}, {"model": "user_app.schooluser", "pk": 128, "fields": {"user": 132, "school": 131}}, {"model": "user_app.schooluser", "pk": 129, "fields": {"user": 133, "school": 132}}, {"model": "user_app.schooluser", "pk": 130, "fields": {"user": 134, "school": 133}}, {"model": "user_app.schooluser", "pk": 131, "fields": {"user": 135, "school": 134}}, {"model": "user_app.schooluser", "pk": 132, "fields": {"user": 136, "school": 135}}, {"model": "user_app.schooluser", "pk": 133, "fields": {"user": 137, "school": 136}}, {"model": "user_app.schooluser", "pk": 134, "fields": {"user": 138, "school": 137}}, {"model": "user_app.schooluser", "pk": 135, "fields": {"user": 139, "school": 138}}, {"model": "user_app.schooluser", "pk": 136, "fields": {"user": 140, "school": 139}}, {"model": "projects_app.projects", "pk": 8, "fields": {"school": 4, "name": "Mahindodaya", "description": "Lab establish", "estimated_cost": "2000000.00", "project_type": "new_construction", "sponsor": "NCP", "contractor": "New contractor", "start_date": "2025-11-06", "end_date": "2025-11-18", "assigned_by": 3, "created_at": "2025-11-01T10:48:52.390Z", "updated_at": "2025-11-01T15:03:40.313Z"}}, {"model": "projects_app.projectprogress", "pk": 14, "fields": {"project": 8, "school": 4, "date": "2025-11-01", "progress": 20, "description": "Little description", "report_file": "project_reports/ESP1111-FINAL_1.pdf"}}, {"model": "projects_app.projectprogress", "pk": 15, "fields": {"project": 8, "school": 4, "date": "2025-11-01", "progress": 10, "description": "Ongoing", "report_file": "project_reports/Projects_Monitoring_System.pdf"}}, {"model": "projects_app.progressphoto", "pk": 7, "fields": {"progress": 14, "image": "project_photos/WhatsApp_Image_2025-08-18_at_18.39.34.jpeg"}}, {"model": "projects_app.progressphoto", "pk": 8, "fields": {"progress": 15, "image": "project_photos/WhatsApp_Image_2025-08-18_at_18_fI0WBU8.39.34.jpeg"}}, {"model": "projects_app.progressphoto", "pk": 9, "fields": {"progress": 15, "image": "project_photos/WhatsApp_Image_2025-08-18_at_18.39.58.jpeg"}}, {"model": "projects_app.progressphoto", "pk": 10, "fields": {"progress": 15, "image": "project_photos/Temporary_Licence.jpeg"}}]